Datetime,Open,High,Low,Close,Adj Close,Volume
2025-07-08T04:00:00-04:00,220.57,220.65,220.57,220.59,220.59,6774
2025-07-08T04:01:00-04:00,220.57,220.6,220.52,220.52,220.52,705
2025-07-08T04:02:00-04:00,220.48,220.48,220.47,220.47,220.47,392
2025-07-08T04:03:00-04:00,220.5,220.5,220.44,220.45,220.45,760
2025-07-08T04:04:00-04:00,220.37,220.4,220.37,220.4,220.4,626
2025-07-08T04:05:00-04:00,220.39,220.39,220.39,220.39,220.39,395
2025-07-08T04:06:00-04:00,220.38,220.38,220.38,220.38,220.38,198
2025-07-08T04:07:00-04:00,220.37,220.37,220.37,220.37,220.37,197
2025-07-08T04:08:00-04:00,220.34,220.34,220.34,220.34,220.34,600
2025-07-08T04:10:00-04:00,220.4,220.4,220.4,220.4,220.4,659
2025-07-08T04:11:00-04:00,220.45,220.45,220.45,220.45,220.45,208
2025-07-08T04:13:00-04:00,220.42,220.42,220.42,220.42,220.42,490
2025-07-08T04:14:00-04:00,220.51,220.51,220.51,220.51,220.51,183
2025-07-08T04:16:00-04:00,220.55,220.55,220.53,220.53,220.53,481
2025-07-08T04:17:00-04:00,220.56,220.56,220.56,220.56,220.56,208
2025-07-08T04:18:00-04:00,220.59,220.59,220.59,220.59,220.59,302
2025-07-08T04:21:00-04:00,220.53,220.53,220.53,220.53,220.53,100
2025-07-08T04:23:00-04:00,220.44,220.44,220.44,220.44,220.44,125
2025-07-08T04:26:00-04:00,220.5,220.52,220.5,220.5,220.5,850
2025-07-08T04:27:00-04:00,220.47,220.47,220.47,220.47,220.47,210
2025-07-08T04:29:00-04:00,220.5,220.5,220.5,220.5,220.5,106
2025-07-08T04:30:00-04:00,220.44,220.44,220.41,220.41,220.41,263
2025-07-08T04:34:00-04:00,220.35,220.35,220.35,220.35,220.35,110
2025-07-08T04:39:00-04:00,220.29,220.29,220.29,220.29,220.29,1540
2025-07-08T04:44:00-04:00,220.27,220.27,220.27,220.27,220.27,529
2025-07-08T04:45:00-04:00,220.26,220.26,220.26,220.26,220.26,158
2025-07-08T04:46:00-04:00,220.25,220.25,220.25,220.25,220.25,184
2025-07-08T04:50:00-04:00,220.39,220.4,220.39,220.4,220.4,452
2025-07-08T04:51:00-04:00,220.4,220.4,220.4,220.4,220.4,130
2025-07-08T04:56:00-04:00,220.45,220.45,220.45,220.45,220.45,236
2025-07-08T05:01:00-04:00,220.36,220.36,220.36,220.36,220.36,268
2025-07-08T05:02:00-04:00,220.3,220.35,220.3,220.35,220.35,798
2025-07-08T05:03:00-04:00,220.32,220.32,220.32,220.32,220.32,100
2025-07-08T05:13:00-04:00,220.52,220.52,220.52,220.52,220.52,209
2025-07-08T05:16:00-04:00,220.57,220.57,220.57,220.57,220.57,110
2025-07-08T05:19:00-04:00,220.57,220.65,220.57,220.65,220.65,1955
2025-07-08T05:20:00-04:00,220.6,220.6,220.6,220.6,220.6,468
2025-07-08T05:22:00-04:00,220.52,220.52,220.51,220.51,220.51,740
2025-07-08T05:31:00-04:00,220.58,220.58,220.58,220.58,220.58,380
2025-07-08T05:33:00-04:00,220.54,220.54,220.54,220.54,220.54,181
2025-07-08T05:36:00-04:00,220.44,220.44,220.44,220.44,220.44,210
2025-07-08T05:40:00-04:00,220.51,220.55,220.51,220.55,220.55,420
2025-07-08T05:41:00-04:00,220.5,220.51,220.5,220.51,220.51,293
2025-07-08T05:51:00-04:00,220.3,220.3,220.25,220.25,220.25,531
2025-07-08T05:52:00-04:00,220.3,220.3,220.3,220.3,220.3,412
2025-07-08T05:55:00-04:00,220.26,220.26,220.26,220.26,220.26,114
2025-07-08T05:57:00-04:00,220.33,220.33,220.33,220.33,220.33,208
2025-07-08T06:02:00-04:00,220.22,220.22,220.22,220.22,220.22,526
2025-07-08T06:03:00-04:00,220.1,220.1,220.1,220.1,220.1,578
2025-07-08T06:06:00-04:00,220.22,220.3,220.22,220.3,220.3,904
2025-07-08T06:08:00-04:00,220.27,220.27,220.26,220.27,220.27,1180
2025-07-08T06:09:00-04:00,220.31,220.31,220.31,220.31,220.31,120
2025-07-08T06:13:00-04:00,220.25,220.25,220.24,220.24,220.24,408
2025-07-08T06:14:00-04:00,220.24,220.24,220.24,220.24,220.24,319
2025-07-08T06:24:00-04:00,220.36,220.38,220.36,220.38,220.38,272
2025-07-08T06:34:00-04:00,220.4,220.4,220.4,220.4,220.4,387
2025-07-08T06:35:00-04:00,220.42,220.42,220.42,220.42,220.42,680
2025-07-08T06:38:00-04:00,220.46,220.46,220.46,220.46,220.46,336
2025-07-08T06:44:00-04:00,220.6,220.6,220.6,220.6,220.6,480
2025-07-08T06:47:00-04:00,220.58,220.58,220.58,220.58,220.58,128
2025-07-08T06:48:00-04:00,220.57,220.57,220.56,220.56,220.56,2099
2025-07-08T06:49:00-04:00,220.55,220.55,220.55,220.55,220.55,235
2025-07-08T06:54:00-04:00,220.5,220.5,220.5,220.5,220.5,1804
2025-07-08T07:00:00-04:00,220.42,220.53,220.42,220.53,220.53,10328
2025-07-08T07:01:00-04:00,220.51,220.51,220.51,220.51,220.51,400
2025-07-08T07:02:00-04:00,220.58,220.58,220.58,220.58,220.58,5996
2025-07-08T07:03:00-04:00,220.58,220.58,220.56,220.56,220.56,4034
2025-07-08T07:04:00-04:00,220.56,220.58,220.56,220.58,220.58,1066
2025-07-08T07:05:00-04:00,220.55,220.56,220.54,220.56,220.56,3016
2025-07-08T07:06:00-04:00,220.52,220.52,220.52,220.52,220.52,168
2025-07-08T07:07:00-04:00,220.52,220.55,220.52,220.55,220.55,853
2025-07-08T07:08:00-04:00,220.52,220.53,220.52,220.52,220.52,700
2025-07-08T07:10:00-04:00,220.56,220.57,220.56,220.57,220.57,597
2025-07-08T07:14:00-04:00,220.7,220.7,220.7,220.7,220.7,556
2025-07-08T07:15:00-04:00,220.76,220.76,220.59,220.59,220.59,1984
2025-07-08T07:16:00-04:00,220.59,220.59,220.59,220.59,220.59,1245
2025-07-08T07:20:00-04:00,220.52,220.52,220.52,220.52,220.52,232
2025-07-08T07:21:00-04:00,220.52,220.52,220.51,220.51,220.51,329
2025-07-08T07:23:00-04:00,220.53,220.53,220.53,220.53,220.53,373
2025-07-08T07:27:00-04:00,220.56,220.56,220.56,220.56,220.56,1022
2025-07-08T07:28:00-04:00,220.59,220.6,220.59,220.6,220.6,2707
2025-07-08T07:29:00-04:00,220.58,220.6,220.58,220.6,220.6,3120
2025-07-08T07:30:00-04:00,220.57,220.57,220.57,220.57,220.57,157
2025-07-08T07:35:00-04:00,220.46,220.46,220.46,220.46,220.46,291
2025-07-08T07:38:00-04:00,220.51,220.58,220.51,220.58,220.58,546
2025-07-08T07:39:00-04:00,220.54,220.54,220.54,220.54,220.54,220
2025-07-08T07:41:00-04:00,220.56,220.56,220.55,220.55,220.55,1971
2025-07-08T07:42:00-04:00,220.56,220.56,220.56,220.56,220.56,293
2025-07-08T07:44:00-04:00,220.48,220.48,220.48,220.48,220.48,326
2025-07-08T07:45:00-04:00,220.5,220.54,220.5,220.54,220.54,339
2025-07-08T07:47:00-04:00,220.51,220.51,220.5,220.5,220.5,530
2025-07-08T07:48:00-04:00,220.53,220.53,220.53,220.53,220.53,329
2025-07-08T07:49:00-04:00,220.51,220.51,220.51,220.51,220.51,228
2025-07-08T07:50:00-04:00,220.5,220.5,220.49,220.49,220.49,1305
2025-07-08T07:53:00-04:00,220.52,220.59,220.52,220.54,220.54,13852
2025-07-08T07:54:00-04:00,220.5,220.51,220.5,220.5,220.5,450
2025-07-08T07:58:00-04:00,220.43,220.44,220.43,220.44,220.44,642
2025-07-08T07:59:00-04:00,220.45,220.46,220.45,220.45,220.45,299
2025-07-08T08:00:00-04:00,220.7,220.75,220.13,220.75,220.75,10412
2025-07-08T08:01:00-04:00,220.41,220.41,220.39,220.41,220.41,1982
2025-07-08T08:02:00-04:00,220.3,220.3,220.29,220.29,220.29,278
2025-07-08T08:03:00-04:00,220.29,220.3,220.27,220.28,220.28,3223
2025-07-08T08:04:00-04:00,220.31,220.31,220.31,220.31,220.31,500
2025-07-08T08:05:00-04:00,220.35,220.38,220.35,220.38,220.38,833
2025-07-08T08:06:00-04:00,220.45,220.45,220.45,220.45,220.45,545
2025-07-08T08:08:00-04:00,220.5,220.5,220.46,220.49,220.49,1022
2025-07-08T08:09:00-04:00,220.41,220.41,220.41,220.41,220.41,1162
2025-07-08T08:10:00-04:00,220.46,220.46,220.46,220.46,220.46,323
2025-07-08T08:11:00-04:00,220.4,220.44,220.4,220.44,220.44,952
2025-07-08T08:12:00-04:00,220.45,220.45,220.45,220.45,220.45,229
2025-07-08T08:13:00-04:00,220.49,220.58,220.49,220.56,220.56,2071
2025-07-08T08:14:00-04:00,220.54,220.55,220.54,220.55,220.55,1712
2025-07-08T08:15:00-04:00,220.58,220.58,220.57,220.58,220.58,676
2025-07-08T08:16:00-04:00,220.55,220.59,220.55,220.57,220.57,1786
2025-07-08T08:17:00-04:00,220.6,220.63,220.6,220.61,220.61,1378
2025-07-08T08:18:00-04:00,220.62,220.65,220.62,220.62,220.62,1589
2025-07-08T08:19:00-04:00,220.57,220.57,220.57,220.57,220.57,567
2025-07-08T08:20:00-04:00,220.61,220.61,220.54,220.54,220.54,638
2025-07-08T08:21:00-04:00,220.6,220.64,220.6,220.63,220.63,2727
2025-07-08T08:22:00-04:00,220.6,220.6,220.6,220.6,220.6,464
2025-07-08T08:23:00-04:00,220.61,220.64,220.61,220.63,220.63,13827
2025-07-08T08:24:00-04:00,220.62,220.62,220.61,220.61,220.61,569
2025-07-08T08:25:00-04:00,220.63,220.63,220.62,220.62,220.62,707
2025-07-08T08:26:00-04:00,220.61,220.62,220.61,220.62,220.62,1093
2025-07-08T08:27:00-04:00,220.62,220.63,220.62,220.62,220.62,741
2025-07-08T08:28:00-04:00,220.62,220.62,220.59,220.59,220.59,1247
2025-07-08T08:29:00-04:00,220.56,220.57,220.56,220.57,220.57,949
2025-07-08T08:30:00-04:00,220.52,220.52,220.51,220.52,220.52,3185
2025-07-08T08:31:00-04:00,220.45,220.45,220.45,220.45,220.45,349
2025-07-08T08:32:00-04:00,220.44,220.44,220.44,220.44,220.44,340
2025-07-08T08:33:00-04:00,220.42,220.43,220.42,220.43,220.43,1356
2025-07-08T08:34:00-04:00,220.56,220.56,220.54,220.56,220.56,1208
2025-07-08T08:35:00-04:00,220.53,220.53,220.53,220.53,220.53,233
2025-07-08T08:36:00-04:00,220.52,220.53,220.5,220.52,220.52,1176
2025-07-08T08:38:00-04:00,220.54,220.54,220.54,220.54,220.54,355
2025-07-08T08:39:00-04:00,220.52,220.56,220.51,220.56,220.56,877
2025-07-08T08:40:00-04:00,220.56,220.56,220.56,220.56,220.56,325
2025-07-08T08:41:00-04:00,220.5,220.51,220.5,220.51,220.51,1056
2025-07-08T08:42:00-04:00,220.49,220.49,220.48,220.48,220.48,1369
2025-07-08T08:45:00-04:00,220.52,220.55,220.52,220.54,220.54,1761
2025-07-08T08:46:00-04:00,220.55,220.61,220.55,220.61,220.61,979
2025-07-08T08:47:00-04:00,220.57,220.59,220.57,220.5807,220.5807,988
2025-07-08T08:48:00-04:00,220.61,220.61,220.61,220.61,220.61,872
2025-07-08T08:49:00-04:00,220.57,220.57,220.52,220.56,220.56,1742
2025-07-08T08:50:00-04:00,220.43,220.43,220.42,220.42,220.42,2547
2025-07-08T08:52:00-04:00,220.5,220.5,220.49,220.49,220.49,1605
2025-07-08T08:53:00-04:00,220.46,220.47,220.46,220.47,220.47,691
2025-07-08T08:55:00-04:00,220.45,220.45,220.45,220.45,220.45,2410
2025-07-08T08:56:00-04:00,220.51,220.56,220.51,220.56,220.56,2665
2025-07-08T08:57:00-04:00,220.6,220.61,220.6,220.61,220.61,1343
2025-07-08T08:58:00-04:00,220.62,220.63,220.54,220.57,220.57,14814
2025-07-08T09:00:00-04:00,220.61,220.61,220.61,220.61,220.61,541
2025-07-08T09:01:00-04:00,220.61,220.61,220.61,220.61,220.61,315
2025-07-08T09:02:00-04:00,220.6,220.62,220.6,220.61,220.61,3572
2025-07-08T09:03:00-04:00,220.61,220.64,220.6,220.6,220.6,4365
2025-07-08T09:04:00-04:00,220.66,220.66,220.64,220.66,220.66,5178
2025-07-08T09:05:00-04:00,220.67,220.7,220.66,220.67,220.67,1346
2025-07-08T09:06:00-04:00,220.66,220.66,220.62,220.65,220.65,1461
2025-07-08T09:07:00-04:00,220.65,220.66,220.61,220.66,220.66,7014
2025-07-08T09:08:00-04:00,220.7,220.72,220.65,220.66,220.66,20365
2025-07-08T09:09:00-04:00,220.7,220.7,220.68,220.68,220.68,1743
2025-07-08T09:10:00-04:00,220.68,220.7,220.66,220.67,220.67,2158
2025-07-08T09:11:00-04:00,220.7,220.78,220.7,220.78,220.78,4395
2025-07-08T09:12:00-04:00,220.77,220.82,220.76,220.82,220.82,9830
2025-07-08T09:13:00-04:00,220.76,220.76,220.73,220.73,220.73,3233
2025-07-08T09:14:00-04:00,220.74,220.8,220.74,220.78,220.78,3887
2025-07-08T09:15:00-04:00,220.76,220.76,220.74,220.74,220.74,866
2025-07-08T09:16:00-04:00,220.76,220.77,220.73,220.73,220.73,1570
2025-07-08T09:17:00-04:00,220.72,220.72,220.71,220.71,220.71,873
2025-07-08T09:18:00-04:00,220.72,220.75,220.72,220.75,220.75,1333
2025-07-08T09:19:00-04:00,220.77,220.77,220.75,220.75,220.75,2879
2025-07-08T09:20:00-04:00,220.79,220.79,220.76,220.7604,220.7604,4131
2025-07-08T09:21:00-04:00,220.7903,220.8,220.7903,220.8,220.8,797
2025-07-08T09:22:00-04:00,220.78,220.78,220.67,220.67,220.67,1249
2025-07-08T09:23:00-04:00,220.69,220.73,220.68,220.72,220.72,3215
2025-07-08T09:24:00-04:00,220.68,220.75,220.68,220.73,220.73,1075
2025-07-08T09:25:00-04:00,220.72,220.73,220.7,220.7,220.7,1629
2025-07-08T09:26:00-04:00,220.69,220.82,220.69,220.75,220.75,33772
2025-07-08T09:27:00-04:00,220.74,220.74,220.74,220.74,220.74,289
2025-07-08T09:28:00-04:00,220.7,220.7,220.7,220.7,220.7,403
2025-07-08T09:29:00-04:00,220.6,220.6,220.55,220.55,220.55,18586
2025-07-08T09:30:00-04:00,220.58,220.66,220.33,220.59,220.59,380865
2025-07-08T09:31:00-04:00,220.6,220.785,220.55,220.75,220.75,134943
2025-07-08T09:32:00-04:00,220.77,220.93,220.74,220.75,220.75,164555
2025-07-08T09:33:00-04:00,220.75,220.79,220.66,220.715,220.715,129834
2025-07-08T09:34:00-04:00,220.73,220.73,220.53,220.55,220.55,86570
2025-07-08T09:35:00-04:00,220.55,220.8,220.54,220.72,220.72,177701
2025-07-08T09:36:00-04:00,220.75,220.76,220.62,220.72,220.72,99359
2025-07-08T09:37:00-04:00,220.71,220.78,220.64,220.65,220.65,84587
2025-07-08T09:38:00-04:00,220.65,220.72,220.52,220.675,220.675,154820
2025-07-08T09:39:00-04:00,220.67,220.67,220.42,220.43,220.43,158797
2025-07-08T09:40:00-04:00,220.425,220.81,220.41,220.81,220.81,80251
2025-07-08T09:41:00-04:00,220.81,221.02,220.8,221.02,221.02,116818
2025-07-08T09:42:00-04:00,221.0209,221.1343,220.992,221.105,221.105,98834
2025-07-08T09:43:00-04:00,221.1,221.2189,221.07,221.15,221.15,58025
2025-07-08T09:44:00-04:00,221.14,221.185,221.03,221.05,221.05,83537
2025-07-08T09:45:00-04:00,221.04,221.385,221.03,221.38,221.38,175900
2025-07-08T09:46:00-04:00,221.365,221.4,221.24,221.28,221.28,60578
2025-07-08T09:47:00-04:00,221.28,221.395,221.23,221.35,221.35,109617
2025-07-08T09:48:00-04:00,221.365,221.44,221.32,221.34,221.34,116487
2025-07-08T09:49:00-04:00,221.34,221.35,221.17,221.21,221.21,74069
2025-07-08T09:50:00-04:00,221.2,221.21,220.94,221.04,221.04,110170
2025-07-08T09:51:00-04:00,221.03,221.12,220.9,221.07,221.07,73380
2025-07-08T09:52:00-04:00,221.06,221.2,221.02,221.19,221.19,73754
2025-07-08T09:53:00-04:00,221.2,221.295,221.18,221.225,221.225,90065
2025-07-08T09:54:00-04:00,221.225,221.31,221.19,221.25,221.25,127016
2025-07-08T09:55:00-04:00,221.235,221.26,221.15,221.25,221.25,123057
2025-07-08T09:56:00-04:00,221.23,221.275,221.18,221.255,221.255,77025
2025-07-08T09:57:00-04:00,221.26,221.37,221.24,221.368,221.368,103586
2025-07-08T09:58:00-04:00,221.37,221.38,221.28,221.34,221.34,113121
2025-07-08T09:59:00-04:00,221.34,221.375,221.2,221.24,221.24,107615
2025-07-08T10:00:00-04:00,221.24,221.32,221.16,221.25,221.25,103861
2025-07-08T10:01:00-04:00,221.24,221.31,221.15,221.24,221.24,144235
2025-07-08T10:02:00-04:00,221.23,221.23,220.89,220.92,220.92,119126
2025-07-08T10:03:00-04:00,220.925,220.94,220.74,220.93,220.93,105975
2025-07-08T10:04:00-04:00,220.935,220.935,220.66,220.8001,220.8001,85640
2025-07-08T10:05:00-04:00,220.81,220.83,220.58,220.72,220.72,112650
2025-07-08T10:06:00-04:00,220.71,220.75,220.49,220.49,220.49,1997382.0
2025-07-08T10:07:00-04:00,220.481,220.6116,220.42,220.55,220.55,155484
2025-07-08T10:08:00-04:00,220.53,220.65,220.44,220.555,220.555,93623
2025-07-08T10:09:00-04:00,220.56,220.7,220.56,220.635,220.635,83310
2025-07-08T10:10:00-04:00,220.645,220.67,220.56,220.67,220.67,55337
2025-07-08T10:11:00-04:00,220.67,220.68,220.56,220.665,220.665,97875
2025-07-08T10:12:00-04:00,220.66,220.89,220.655,220.85,220.85,144361
2025-07-08T10:13:00-04:00,220.87,220.93,220.78,220.925,220.925,60339
2025-07-08T10:14:00-04:00,220.92,220.93,220.78,220.8,220.8,35144
2025-07-08T10:15:00-04:00,220.81,220.93,220.76,220.89,220.89,116889
2025-07-08T10:16:00-04:00,220.89,220.92,220.78,220.92,220.92,71724
2025-07-08T10:17:00-04:00,220.92,220.96,220.86,220.89,220.89,43923
2025-07-08T10:18:00-04:00,220.9,221,220.85,221,221,57348
2025-07-08T10:19:00-04:00,220.9902,221.03,220.84,220.87,220.87,85999
2025-07-08T10:20:00-04:00,220.91,220.98,220.87,220.87,220.87,61692
2025-07-08T10:21:00-04:00,220.88,220.94,220.75,220.865,220.865,76450
2025-07-08T10:22:00-04:00,220.85,220.88,220.7,220.88,220.88,67889
2025-07-08T10:23:00-04:00,220.87,220.93,220.63,220.63,220.63,57055
2025-07-08T10:24:00-04:00,220.62,220.62,220.4,220.47,220.47,97461
2025-07-08T10:25:00-04:00,220.46,220.58,220.42,220.47,220.47,74146
2025-07-08T10:26:00-04:00,220.45,220.59,220.42,220.585,220.585,709053
2025-07-08T10:27:00-04:00,220.58,220.72,220.53,220.6998,220.6998,82335
2025-07-08T10:28:00-04:00,220.72,220.84,220.685,220.73,220.73,46700
2025-07-08T10:29:00-04:00,220.72,220.81,220.72,220.81,220.81,30764
2025-07-08T10:30:00-04:00,220.81,220.975,220.81,220.95,220.95,317042
2025-07-08T10:31:00-04:00,220.97,221.18,220.97,221.1,221.1,80320
2025-07-08T10:32:00-04:00,221.09,221.21,221.05,221.12,221.12,96760
2025-07-08T10:33:00-04:00,221.13,221.2,221.08,221.2,221.2,141327
2025-07-08T10:34:00-04:00,221.2,221.245,221.15,221.225,221.225,1762664.0
2025-07-08T10:35:00-04:00,221.22,221.265,221.165,221.205,221.205,70615
2025-07-08T10:36:00-04:00,221.2,221.24,221.15,221.24,221.24,86987
2025-07-08T10:37:00-04:00,221.25,221.455,221.25,221.455,221.455,161668
2025-07-08T10:38:00-04:00,221.45,221.505,221.43,221.485,221.485,168147
2025-07-08T10:39:00-04:00,221.48,221.535,221.47,221.495,221.495,129945
2025-07-08T10:40:00-04:00,221.495,221.58,221.49,221.535,221.535,118304
2025-07-08T10:41:00-04:00,221.535,221.54,221.27,221.27,221.27,99641
2025-07-08T10:42:00-04:00,221.27,221.41,221.23,221.38,221.38,115891
2025-07-08T10:43:00-04:00,221.37,221.445,221.295,221.395,221.395,78845
2025-07-08T10:44:00-04:00,221.4,221.42,221.32,221.33,221.33,80489
2025-07-08T10:45:00-04:00,221.3,221.33,220.86,221.08,221.08,284780
2025-07-08T10:46:00-04:00,221.075,221.31,220.95,221.25,221.25,126165
2025-07-08T10:47:00-04:00,221.25,221.31,221.14,221.31,221.31,124915
2025-07-08T10:48:00-04:00,221.33,221.4082,221.33,221.38,221.38,166098
2025-07-08T10:49:00-04:00,221.39,221.46,221.34,221.38,221.38,110221
2025-07-08T10:50:00-04:00,221.38,221.56,221.38,221.45,221.45,169985
2025-07-08T10:51:00-04:00,221.46,221.57,221.37,221.4,221.4,164930
2025-07-08T10:52:00-04:00,221.39,221.39,221.11,221.11,221.11,92780
2025-07-08T10:53:00-04:00,221.1,221.22,221.0003,221.0003,221.0003,107723
2025-07-08T10:54:00-04:00,221.01,221.13,220.99,221.04,221.04,83473
2025-07-08T10:55:00-04:00,221.05,221.08,220.81,220.82,220.82,98749
2025-07-08T10:56:00-04:00,220.82,221.0881,220.8,221.06,221.06,111867
2025-07-08T10:57:00-04:00,221.04,221.17,221,221.16,221.16,56008
2025-07-08T10:58:00-04:00,221.17,221.2,221.04,221.2,221.2,48781
2025-07-08T10:59:00-04:00,221.21,221.235,221.16,221.185,221.185,51390
2025-07-08T11:00:00-04:00,221.2,221.27,221.16,221.245,221.245,47587
2025-07-08T11:01:00-04:00,221.24,221.36,221.21,221.33,221.33,60246
2025-07-08T11:02:00-04:00,221.32,221.42,221.31,221.34,221.34,80295
2025-07-08T11:03:00-04:00,221.32,221.32,221.21,221.26,221.26,33922
2025-07-08T11:04:00-04:00,221.26,221.265,221.17,221.2492,221.2492,37359
2025-07-08T11:05:00-04:00,221.24,221.49,221.23,221.49,221.49,33053
2025-07-08T11:06:00-04:00,221.49,221.54,221.42,221.45,221.45,51441
2025-07-08T11:07:00-04:00,221.44,221.54,221.42,221.52,221.52,102578
2025-07-08T11:08:00-04:00,221.515,221.7,221.5,221.69,221.69,74299
2025-07-08T11:09:00-04:00,221.68,221.72,221.59,221.61,221.61,76682
2025-07-08T11:10:00-04:00,221.6,221.7407,221.59,221.705,221.705,69443
2025-07-08T11:11:00-04:00,221.71,221.74,221.67,221.74,221.74,36578
2025-07-08T11:12:00-04:00,221.76,221.77,221.655,221.7,221.7,31279
2025-07-08T11:13:00-04:00,221.695,221.7294,221.64,221.695,221.695,30948
2025-07-08T11:14:00-04:00,221.715,221.755,221.64,221.735,221.735,71804
2025-07-08T11:15:00-04:00,221.721,221.76,221.63,221.76,221.76,23510
2025-07-08T11:16:00-04:00,221.755,221.815,221.71,221.81,221.81,27994
2025-07-08T11:17:00-04:00,221.83,221.845,221.75,221.77,221.77,28874
2025-07-08T11:18:00-04:00,221.79,221.81,221.655,221.655,221.655,76261
2025-07-08T11:19:00-04:00,221.67,221.68,221.58,221.585,221.585,32979
2025-07-08T11:20:00-04:00,221.6,221.645,221.492,221.5,221.5,55753
2025-07-08T11:21:00-04:00,221.49,221.49,221.33,221.33,221.33,39425
2025-07-08T11:22:00-04:00,221.32,221.395,221.285,221.3403,221.3403,46795
2025-07-08T11:23:00-04:00,221.36,221.43,221.35,221.3777,221.3777,88146
2025-07-08T11:24:00-04:00,221.37,221.38,221.19,221.195,221.195,39038
2025-07-08T11:25:00-04:00,221.21,221.305,221.17,221.3,221.3,45256
2025-07-08T11:26:00-04:00,221.28,221.38,221.17,221.17,221.17,40754
2025-07-08T11:27:00-04:00,221.15,221.25,221.125,221.24,221.24,69250
2025-07-08T11:28:00-04:00,221.24,221.24,221.01,221.02,221.02,68357
2025-07-08T11:29:00-04:00,221.02,221.15,220.99,221.1401,221.1401,38613
2025-07-08T11:30:00-04:00,221.15,221.29,221.1489,221.2389,221.2389,67356
2025-07-08T11:31:00-04:00,221.23,221.3,221.17,221.29,221.29,36303
2025-07-08T11:32:00-04:00,221.28,221.34,221.22,221.34,221.34,194325
2025-07-08T11:33:00-04:00,221.36,221.48,221.33,221.36,221.36,28517
2025-07-08T11:34:00-04:00,221.35,221.44,221.3,221.325,221.325,43783
2025-07-08T11:35:00-04:00,221.31,221.42,221.278,221.4,221.4,31966
2025-07-08T11:36:00-04:00,221.4,221.47,221.38,221.46,221.46,28151
2025-07-08T11:37:00-04:00,221.49,221.515,221.43,221.475,221.475,33858
2025-07-08T11:38:00-04:00,221.47,221.57,221.42,221.52,221.52,70461
2025-07-08T11:39:00-04:00,221.53,221.615,221.51,221.58,221.58,40830
2025-07-08T11:40:00-04:00,221.59,221.61,221.55,221.59,221.59,31771
2025-07-08T11:41:00-04:00,221.59,221.59,221.52,221.535,221.535,43078
2025-07-08T11:42:00-04:00,221.535,221.65,221.53,221.64,221.64,57999
2025-07-08T11:43:00-04:00,221.64,221.68,221.58,221.67,221.67,41588
2025-07-08T11:44:00-04:00,221.69,221.71,221.6,221.6035,221.6035,35336
2025-07-08T11:45:00-04:00,221.61,221.685,221.605,221.66,221.66,25659
2025-07-08T11:46:00-04:00,221.67,221.71,221.64,221.695,221.695,234544
2025-07-08T11:47:00-04:00,221.7,221.77,221.7,221.74,221.74,28913
2025-07-08T11:48:00-04:00,221.74,221.8,221.725,221.74,221.74,74304
2025-07-08T11:49:00-04:00,221.735,221.78,221.72,221.75,221.75,59145
2025-07-08T11:50:00-04:00,221.755,221.865,221.73,221.8,221.8,62500
2025-07-08T11:51:00-04:00,221.78,221.82,221.74,221.767,221.767,42277
2025-07-08T11:52:00-04:00,221.77,221.8,221.74,221.74,221.74,97247
2025-07-08T11:53:00-04:00,221.75,221.78,221.75,221.75,221.75,23356
2025-07-08T11:54:00-04:00,221.75,221.82,221.75,221.8,221.8,23752
2025-07-08T11:55:00-04:00,221.81,221.83,221.77,221.82,221.82,26885
2025-07-08T11:56:00-04:00,221.82,221.84,221.79,221.82,221.82,38927
2025-07-08T11:57:00-04:00,221.825,221.88,221.76,221.76,221.76,31800
2025-07-08T11:58:00-04:00,221.76,221.805,221.755,221.795,221.795,20923
2025-07-08T11:59:00-04:00,221.8,221.81,221.72,221.74,221.74,37512
2025-07-08T12:00:00-04:00,221.74,221.78,221.665,221.71,221.71,38858
2025-07-08T12:01:00-04:00,221.71,221.8,221.69,221.78,221.78,33981
2025-07-08T12:02:00-04:00,221.77,221.835,221.75,221.78,221.78,30711
2025-07-08T12:03:00-04:00,221.77,221.785,221.65,221.71,221.71,26983
2025-07-08T12:04:00-04:00,221.7024,221.735,221.61,221.61,221.61,99033
2025-07-08T12:05:00-04:00,221.58,221.59,221.45,221.47,221.47,40551
2025-07-08T12:06:00-04:00,221.46,221.4899,221.37,221.37,221.37,58246
2025-07-08T12:07:00-04:00,221.37,221.37,221.225,221.29,221.29,66039
2025-07-08T12:08:00-04:00,221.3,221.34,221.27,221.284,221.284,64466
2025-07-08T12:09:00-04:00,221.285,221.3,221.2,221.26,221.26,47769
2025-07-08T12:10:00-04:00,221.255,221.43,221.255,221.41,221.41,74058
2025-07-08T12:11:00-04:00,221.41,221.51,221.39,221.39,221.39,724517
2025-07-08T12:12:00-04:00,221.4,221.4599,221.4,221.43,221.43,38702
2025-07-08T12:13:00-04:00,221.435,221.49,221.435,221.455,221.455,28345
2025-07-08T12:14:00-04:00,221.45,221.545,221.45,221.545,221.545,30477
2025-07-08T12:15:00-04:00,221.54,221.6,221.49,221.55,221.55,35265
2025-07-08T12:16:00-04:00,221.535,221.58,221.53,221.575,221.575,68500
2025-07-08T12:17:00-04:00,221.57,221.631,221.54,221.6199,221.6199,39607
2025-07-08T12:18:00-04:00,221.61,221.73,221.61,221.73,221.73,293677
2025-07-08T12:19:00-04:00,221.725,221.795,221.725,221.76,221.76,50705
2025-07-08T12:20:00-04:00,221.76,221.7899,221.73,221.7899,221.7899,29158
2025-07-08T12:21:00-04:00,221.785,221.84,221.77,221.84,221.84,66698
2025-07-08T12:22:00-04:00,221.85,221.93,221.845,221.92,221.92,68319
2025-07-08T12:23:00-04:00,221.92,222.02,221.92,221.98,221.98,73065
2025-07-08T12:24:00-04:00,221.99,222.06,221.965,222.05,222.05,65160
2025-07-08T12:25:00-04:00,222.05,222.08,222.0199,222.065,222.065,53905
2025-07-08T12:26:00-04:00,222.09,222.235,222.09,222.22,222.22,111444
2025-07-08T12:27:00-04:00,222.2207,222.26,222.16,222.17,222.17,40867
2025-07-08T12:28:00-04:00,222.17,222.26,222.155,222.26,222.26,62280
2025-07-08T12:29:00-04:00,222.27,222.28,222.21,222.24,222.24,21599
2025-07-08T12:30:00-04:00,222.26,222.2807,222.11,222.23,222.23,108191
2025-07-08T12:31:00-04:00,222.23,222.27,222.21,222.23,222.23,43324
2025-07-08T12:32:00-04:00,222.23,222.29,221.89,222.05,222.05,209475
2025-07-08T12:33:00-04:00,222.04,222.09,221.92,222.02,222.02,81016
2025-07-08T12:34:00-04:00,222.01,222.04,221.93,221.9301,221.9301,75529
2025-07-08T12:35:00-04:00,221.93,221.93,221.495,221.59,221.59,133511
2025-07-08T12:36:00-04:00,221.58,221.905,221.51,221.905,221.905,77845
2025-07-08T12:37:00-04:00,221.9,221.95,221.85,221.87,221.87,40398
2025-07-08T12:38:00-04:00,221.87,222.065,221.87,222.065,222.065,34364
2025-07-08T12:39:00-04:00,222.07,222.0899,221.92,221.94,221.94,75841
2025-07-08T12:40:00-04:00,221.95,221.99,221.84,221.85,221.85,59963
2025-07-08T12:41:00-04:00,221.86,221.95,221.86,221.95,221.95,19579
2025-07-08T12:42:00-04:00,221.9563,221.98,221.9,221.95,221.95,10778
2025-07-08T12:43:00-04:00,221.96,222.03,221.95,221.97,221.97,20550
2025-07-08T12:44:00-04:00,221.95,221.9874,221.91,221.97,221.97,29499
2025-07-08T12:45:00-04:00,221.97,221.97,221.78,221.831,221.831,111537
2025-07-08T12:46:00-04:00,221.86,221.895,221.84,221.895,221.895,26818
2025-07-08T12:47:00-04:00,221.9,221.98,221.9,221.97,221.97,36054
2025-07-08T12:48:00-04:00,221.97,221.97,221.84,221.85,221.85,23985
2025-07-08T12:49:00-04:00,221.85,221.88,221.735,221.755,221.755,22730
2025-07-08T12:50:00-04:00,221.755,221.84,221.71,221.77,221.77,43518
2025-07-08T12:51:00-04:00,221.77,221.825,221.74,221.76,221.76,33228
2025-07-08T12:52:00-04:00,221.7301,221.735,221.56,221.59,221.59,36156
2025-07-08T12:53:00-04:00,221.58,221.605,221.535,221.57,221.57,28831
2025-07-08T12:54:00-04:00,221.58,221.7,221.58,221.69,221.69,42023
2025-07-08T12:55:00-04:00,221.69,221.718,221.52,221.53,221.53,119715
2025-07-08T12:56:00-04:00,221.545,221.72,221.53,221.65,221.65,111927
2025-07-08T12:57:00-04:00,221.6,221.71,221.5,221.68,221.68,59859
2025-07-08T12:58:00-04:00,221.71,221.71,221.59,221.64,221.64,23095
2025-07-08T12:59:00-04:00,221.65,221.72,221.63,221.66,221.66,39460
2025-07-08T13:00:00-04:00,221.68,221.7,221.565,221.63,221.63,45504
2025-07-08T13:01:00-04:00,221.645,221.78,221.63,221.66,221.66,42573
2025-07-08T13:02:00-04:00,221.66,221.73,221.55,221.58,221.58,38341
2025-07-08T13:03:00-04:00,221.58,221.68,221.58,221.67,221.67,29938
2025-07-08T13:04:00-04:00,221.68,221.7763,221.67,221.675,221.675,32747
2025-07-08T13:05:00-04:00,221.66,221.715,221.58,221.7,221.7,58741
2025-07-08T13:06:00-04:00,221.67,221.67,221.53,221.55,221.55,47575
2025-07-08T13:07:00-04:00,221.55,221.605,221.47,221.58,221.58,54075
2025-07-08T13:08:00-04:00,221.58,221.6,221.47,221.59,221.59,33139
2025-07-08T13:09:00-04:00,221.6,221.63,221.54,221.54,221.54,43899
2025-07-08T13:10:00-04:00,221.53,221.56,221.47,221.5,221.5,28339
2025-07-08T13:11:00-04:00,221.5,221.6,221.5,221.55,221.55,32666
2025-07-08T13:12:00-04:00,221.54,221.67,221.54,221.67,221.67,499955
2025-07-08T13:13:00-04:00,221.665,221.735,221.62,221.62,221.62,30034
2025-07-08T13:14:00-04:00,221.59,221.79,221.53,221.765,221.765,57463
2025-07-08T13:15:00-04:00,221.75,221.76,221.67,221.69,221.69,49702
2025-07-08T13:16:00-04:00,221.69,221.6942,221.62,221.63,221.63,21910
2025-07-08T13:17:00-04:00,221.63,221.63,221.42,221.42,221.42,48413
2025-07-08T13:18:00-04:00,221.41,221.41,221.23,221.295,221.295,214864
2025-07-08T13:19:00-04:00,221.285,221.43,221.28,221.42,221.42,38091
2025-07-08T13:20:00-04:00,221.43,221.58,221.43,221.51,221.51,38677
2025-07-08T13:21:00-04:00,221.505,221.505,221.43,221.44,221.44,21831
2025-07-08T13:22:00-04:00,221.45,221.45,221.26,221.345,221.345,31674
2025-07-08T13:23:00-04:00,221.37,221.61,221.3602,221.565,221.565,421003
2025-07-08T13:24:00-04:00,221.565,221.61,221.5016,221.595,221.595,70104
2025-07-08T13:25:00-04:00,221.6,221.62,221.5786,221.59,221.59,19448
2025-07-08T13:26:00-04:00,221.58,221.6672,221.56,221.575,221.575,27868
2025-07-08T13:27:00-04:00,221.57,221.71,221.56,221.7099,221.7099,27419
2025-07-08T13:28:00-04:00,221.71,221.76,221.705,221.725,221.725,20592
2025-07-08T13:29:00-04:00,221.73,221.75,221.705,221.725,221.725,47073
2025-07-08T13:30:00-04:00,221.73,221.89,221.73,221.79,221.79,76041
2025-07-08T13:31:00-04:00,221.79,221.82,221.7449,221.75,221.75,51951
2025-07-08T13:32:00-04:00,221.76,221.8799,221.76,221.785,221.785,41870
2025-07-08T13:33:00-04:00,221.78,221.78,221.68,221.69,221.69,22099
2025-07-08T13:34:00-04:00,221.68,221.71,221.52,221.57,221.57,64072
2025-07-08T13:35:00-04:00,221.56,221.685,221.56,221.66,221.66,35538
2025-07-08T13:36:00-04:00,221.65,221.67,221.6,221.64,221.64,28136
2025-07-08T13:37:00-04:00,221.67,221.67,221.585,221.6,221.6,8556
2025-07-08T13:38:00-04:00,221.61,221.7,221.605,221.7,221.7,34002
2025-07-08T13:39:00-04:00,221.71,221.71,221.61,221.655,221.655,28381
2025-07-08T13:40:00-04:00,221.67,221.7,221.64,221.645,221.645,47438
2025-07-08T13:41:00-04:00,221.64,221.68,221.6199,221.645,221.645,24424
2025-07-08T13:42:00-04:00,221.65,221.7,221.6,221.6,221.6,28165
2025-07-08T13:43:00-04:00,221.58,221.68,221.58,221.66,221.66,24515
2025-07-08T13:44:00-04:00,221.675,221.71,221.64,221.66,221.66,30445
2025-07-08T13:45:00-04:00,221.66,221.785,221.655,221.73,221.73,20060
2025-07-08T13:46:00-04:00,221.73,221.73,221.67,221.695,221.695,21391
2025-07-08T13:47:00-04:00,221.69,221.77,221.69,221.77,221.77,25164
2025-07-08T13:48:00-04:00,221.78,221.7899,221.725,221.765,221.765,18220
2025-07-08T13:49:00-04:00,221.76,221.79,221.7,221.73,221.73,34368
2025-07-08T13:50:00-04:00,221.74,221.74,221.66,221.71,221.71,25472
2025-07-08T13:51:00-04:00,221.71,221.86,221.71,221.8512,221.8512,36020
2025-07-08T13:52:00-04:00,221.855,221.9,221.84,221.9,221.9,33633
2025-07-08T13:53:00-04:00,221.91,221.945,221.88,221.9449,221.9449,28756
2025-07-08T13:54:00-04:00,221.95,221.975,221.91,221.96,221.96,34805
2025-07-08T13:55:00-04:00,221.975,221.975,221.93,221.96,221.96,97834
2025-07-08T13:56:00-04:00,221.97,221.9799,221.935,221.975,221.975,17663
2025-07-08T13:57:00-04:00,221.98,222.01,221.905,221.91,221.91,42089
2025-07-08T13:58:00-04:00,221.92,221.93,221.88,221.915,221.915,31146
2025-07-08T13:59:00-04:00,221.9101,221.96,221.89,221.9,221.9,35924
2025-07-08T14:00:00-04:00,221.9,221.91,221.8307,221.84,221.84,20015
2025-07-08T14:01:00-04:00,221.83,221.89,221.805,221.87,221.87,51934
2025-07-08T14:02:00-04:00,221.87,221.87,221.795,221.795,221.795,24705
2025-07-08T14:03:00-04:00,221.79,221.9,221.79,221.89,221.89,23098
2025-07-08T14:04:00-04:00,221.87,221.91,221.85,221.86,221.86,22092
2025-07-08T14:05:00-04:00,221.86,221.89,221.82,221.89,221.89,32830
2025-07-08T14:06:00-04:00,221.88,221.885,221.83,221.87,221.87,33305
2025-07-08T14:07:00-04:00,221.86,221.935,221.82,221.83,221.83,52129
2025-07-08T14:08:00-04:00,221.825,221.88,221.792,221.88,221.88,21826
2025-07-08T14:09:00-04:00,221.88,221.96,221.88,221.9,221.9,20563
2025-07-08T14:10:00-04:00,221.9,221.945,221.87,221.94,221.94,25800
2025-07-08T14:11:00-04:00,221.94,222,221.925,221.98,221.98,29668
2025-07-08T14:12:00-04:00,221.98,221.98,221.92,221.965,221.965,20345
2025-07-08T14:13:00-04:00,221.97,222.02,221.945,221.945,221.945,42597
2025-07-08T14:14:00-04:00,221.95,221.955,221.86,221.87,221.87,28409
2025-07-08T14:15:00-04:00,221.88,221.955,221.88,221.955,221.955,28283
2025-07-08T14:16:00-04:00,221.95,221.99,221.87,221.8952,221.8952,34000
2025-07-08T14:17:00-04:00,221.89,221.89,221.81,221.86,221.86,78067
2025-07-08T14:18:00-04:00,221.87,221.91,221.845,221.875,221.875,26848
2025-07-08T14:19:00-04:00,221.87,221.87,221.82,221.83,221.83,21664
2025-07-08T14:20:00-04:00,221.83,221.87,221.705,221.75,221.75,42867
2025-07-08T14:21:00-04:00,221.75,221.81,221.645,221.74,221.74,117456
2025-07-08T14:22:00-04:00,221.74,221.75,221.65,221.67,221.67,17970
2025-07-08T14:23:00-04:00,221.66,221.68,221.645,221.6599,221.6599,28818
2025-07-08T14:24:00-04:00,221.66,221.71,221.54,221.54,221.54,63865
2025-07-08T14:25:00-04:00,221.55,221.56,221.48,221.5101,221.5101,27785
2025-07-08T14:26:00-04:00,221.49,221.55,221.39,221.405,221.405,40806
2025-07-08T14:27:00-04:00,221.4,221.47,221.39,221.42,221.42,25309
2025-07-08T14:28:00-04:00,221.42,221.47,221.39,221.45,221.45,13090
2025-07-08T14:29:00-04:00,221.4482,221.5,221.43,221.49,221.49,56644
2025-07-08T14:30:00-04:00,221.49,221.57,221.465,221.465,221.465,39561
2025-07-08T14:31:00-04:00,221.46,221.52,221.405,221.49,221.49,58146
2025-07-08T14:32:00-04:00,221.48,221.49,221.405,221.46,221.46,21682
2025-07-08T14:33:00-04:00,221.45,221.49,221.425,221.44,221.44,26621
2025-07-08T14:34:00-04:00,221.44,221.58,221.43,221.58,221.58,196803
2025-07-08T14:35:00-04:00,221.56,221.65,221.54,221.63,221.63,35044
2025-07-08T14:36:00-04:00,221.63,221.68,221.62,221.68,221.68,30161
2025-07-08T14:37:00-04:00,221.675,221.72,221.65,221.68,221.68,54391
2025-07-08T14:38:00-04:00,221.69,221.71,221.67,221.7,221.7,56394
2025-07-08T14:39:00-04:00,221.71,221.765,221.68,221.71,221.71,36805
2025-07-08T14:40:00-04:00,221.71,221.72,221.65,221.67,221.67,27886
2025-07-08T14:41:00-04:00,221.665,221.675,221.57,221.6,221.6,107507
2025-07-08T14:42:00-04:00,221.605,221.625,221.41,221.43,221.43,48735
2025-07-08T14:43:00-04:00,221.43,221.51,221.42,221.49,221.49,32445
2025-07-08T14:44:00-04:00,221.48,221.485,221.43,221.44,221.44,14364
2025-07-08T14:45:00-04:00,221.45,221.565,221.404,221.565,221.565,43010
2025-07-08T14:46:00-04:00,221.57,221.65,221.57,221.6436,221.6436,22272
2025-07-08T14:47:00-04:00,221.65,221.65,221.56,221.58,221.58,22967
2025-07-08T14:48:00-04:00,221.575,221.645,221.57,221.61,221.61,183495
2025-07-08T14:49:00-04:00,221.61,221.675,221.58,221.65,221.65,25619
2025-07-08T14:50:00-04:00,221.65,221.71,221.61,221.705,221.705,32759
2025-07-08T14:51:00-04:00,221.71,221.71,221.65,221.67,221.67,28227
2025-07-08T14:52:00-04:00,221.68,221.74,221.68,221.72,221.72,48868
2025-07-08T14:53:00-04:00,221.72,221.745,221.7074,221.7191,221.7191,232723
2025-07-08T14:54:00-04:00,221.715,221.75,221.71,221.72,221.72,37596
2025-07-08T14:55:00-04:00,221.72,221.725,221.63,221.68,221.68,44179
2025-07-08T14:56:00-04:00,221.68,221.74,221.64,221.65,221.65,23581
2025-07-08T14:57:00-04:00,221.65,221.65,221.61,221.64,221.64,20443
2025-07-08T14:58:00-04:00,221.63,221.645,221.53,221.55,221.55,46384
2025-07-08T14:59:00-04:00,221.54,221.58,221.51,221.525,221.525,43739
2025-07-08T15:00:00-04:00,221.52,221.63,221.5,221.62,221.62,49583
2025-07-08T15:01:00-04:00,221.64,221.65,221.6,221.63,221.63,65608
2025-07-08T15:02:00-04:00,221.63,221.66,221.55,221.55,221.55,32805
2025-07-08T15:03:00-04:00,221.55,221.565,221.49,221.55,221.55,35316
2025-07-08T15:04:00-04:00,221.545,221.605,221.525,221.54,221.54,26241
2025-07-08T15:05:00-04:00,221.5501,221.565,221.5,221.52,221.52,32740
2025-07-08T15:06:00-04:00,221.52,221.61,221.51,221.59,221.59,35532
2025-07-08T15:07:00-04:00,221.585,221.59,221.51,221.51,221.51,21708
2025-07-08T15:08:00-04:00,221.52,221.52,221.43,221.49,221.49,39073
2025-07-08T15:09:00-04:00,221.49,221.495,221.44,221.45,221.45,42375
2025-07-08T15:10:00-04:00,221.45,221.45,221.33,221.39,221.39,49296
2025-07-08T15:11:00-04:00,221.38,221.39,221.301,221.36,221.36,56156
2025-07-08T15:12:00-04:00,221.36,221.39,221.295,221.38,221.38,109028
2025-07-08T15:13:00-04:00,221.375,221.415,221.34,221.41,221.41,51762
2025-07-08T15:14:00-04:00,221.42,221.42,221.3,221.31,221.31,35171
2025-07-08T15:15:00-04:00,221.31,221.345,221.26,221.321,221.321,63914
2025-07-08T15:16:00-04:00,221.33,221.365,221.27,221.36,221.36,26250
2025-07-08T15:17:00-04:00,221.36,221.38,221.29,221.29,221.29,44212
2025-07-08T15:18:00-04:00,221.28,221.34,221.27,221.34,221.34,31522
2025-07-08T15:19:00-04:00,221.33,221.35,221.31,221.34,221.34,44509
2025-07-08T15:20:00-04:00,221.33,221.44,221.33,221.395,221.395,55529
2025-07-08T15:21:00-04:00,221.39,221.39,221.25,221.27,221.27,672702
2025-07-08T15:22:00-04:00,221.27,221.295,221.215,221.25,221.25,145420
2025-07-08T15:23:00-04:00,221.265,221.375,221.26,221.325,221.325,48573
2025-07-08T15:24:00-04:00,221.32,221.425,221.315,221.415,221.415,35058
2025-07-08T15:25:00-04:00,221.41,221.51,221.39,221.48,221.48,97792
2025-07-08T15:26:00-04:00,221.48,221.56,221.48,221.54,221.54,53405
2025-07-08T15:27:00-04:00,221.54,221.58,221.52,221.52,221.52,69846
2025-07-08T15:28:00-04:00,221.52,221.55,221.495,221.5,221.5,48188
2025-07-08T15:29:00-04:00,221.51,221.5951,221.49,221.565,221.565,56459
2025-07-08T15:30:00-04:00,221.55,221.59,221.5,221.56,221.56,363432
2025-07-08T15:31:00-04:00,221.57,221.6,221.52,221.57,221.57,71705
2025-07-08T15:32:00-04:00,221.57,221.64,221.56,221.625,221.625,78636
2025-07-08T15:33:00-04:00,221.63,221.665,221.61,221.645,221.645,132262
2025-07-08T15:34:00-04:00,221.64,221.66,221.56,221.59,221.59,57257
2025-07-08T15:35:00-04:00,221.595,221.65,221.595,221.62,221.62,86180
2025-07-08T15:36:00-04:00,221.63,221.63,221.555,221.58,221.58,118347
2025-07-08T15:37:00-04:00,221.58,221.605,221.54,221.545,221.545,42913
2025-07-08T15:38:00-04:00,221.54,221.54,221.475,221.51,221.51,35076
2025-07-08T15:39:00-04:00,221.5,221.505,221.43,221.47,221.47,403589
2025-07-08T15:40:00-04:00,221.47,221.49,221.43,221.46,221.46,110248
2025-07-08T15:41:00-04:00,221.46,221.475,221.43,221.43,221.43,82449
2025-07-08T15:42:00-04:00,221.43,221.445,221.3401,221.345,221.345,77736
2025-07-08T15:43:00-04:00,221.34,221.405,221.325,221.39,221.39,46612
2025-07-08T15:44:00-04:00,221.38,221.4,221.365,221.4,221.4,52808
2025-07-08T15:45:00-04:00,221.4,221.52,221.39,221.52,221.52,104052
2025-07-08T15:46:00-04:00,221.52,221.54,221.38,221.38,221.38,98590
2025-07-08T15:47:00-04:00,221.37,221.39,221.3,221.36,221.36,95687
2025-07-08T15:48:00-04:00,221.365,221.405,221.325,221.4,221.4,102500
2025-07-08T15:49:00-04:00,221.395,221.475,221.38,221.46,221.46,66584
2025-07-08T15:50:00-04:00,221.47,221.52,221.27,221.28,221.28,166391
2025-07-08T15:51:00-04:00,221.285,221.285,221.195,221.2,221.2,88604
2025-07-08T15:52:00-04:00,221.21,221.235,221.17,221.185,221.185,78833
2025-07-08T15:53:00-04:00,221.18,221.2,221.08,221.1,221.1,100806
2025-07-08T15:54:00-04:00,221.09,221.23,221.07,221.2,221.2,208480
2025-07-08T15:55:00-04:00,221.205,221.305,221.2,221.305,221.305,172160
2025-07-08T15:56:00-04:00,221.305,221.305,221.255,221.275,221.275,89075
2025-07-08T15:57:00-04:00,221.28,221.335,221.26,221.26,221.26,98368
2025-07-08T15:58:00-04:00,221.265,221.31,221.24,221.275,221.275,301614
2025-07-08T15:59:00-04:00,221.27,221.36,221.22,221.27,221.27,787615
2025-07-08T16:00:00-04:00,221.26,221.3,221.21,221.28,221.28,106784
2025-07-08T16:01:00-04:00,221.34,221.41,221.31,221.41,221.41,22480
2025-07-08T16:02:00-04:00,221.4,221.45,221.3901,221.45,221.45,12703
2025-07-08T16:03:00-04:00,221.44,221.45,221.42,221.44,221.44,15978
2025-07-08T16:04:00-04:00,221.45,221.45,221.42,221.42,221.42,29044
2025-07-08T16:05:00-04:00,221.42,221.42,221.4,221.4,221.4,11095
2025-07-08T16:06:00-04:00,221.37,221.37,221.37,221.37,221.37,878
2025-07-08T16:07:00-04:00,221.38,221.39,221.38,221.39,221.39,2927
2025-07-08T16:08:00-04:00,221.37,221.41,221.37,221.41,221.41,3294
2025-07-08T16:09:00-04:00,221.41,221.44,221.41,221.44,221.44,100432
2025-07-08T16:10:00-04:00,221.38,221.3999,221.37,221.37,221.37,2129
2025-07-08T16:11:00-04:00,221.36,221.36,221.3,221.3,221.3,263349
2025-07-08T16:12:00-04:00,221.3,221.32,221.29,221.3,221.3,45769
2025-07-08T16:13:00-04:00,221.3,221.33,221.3,221.33,221.33,37633
2025-07-08T16:14:00-04:00,221.31,221.31,221.24,221.27,221.27,141286
2025-07-08T16:15:00-04:00,221.25,221.29,221.25,221.29,221.29,30171
2025-07-08T16:16:00-04:00,221.29,221.32,221.29,221.31,221.31,16095
2025-07-08T16:17:00-04:00,221.32,221.32,221.3,221.3,221.3,1097
2025-07-08T16:18:00-04:00,221.32,221.32,221.32,221.32,221.32,282
2025-07-08T16:19:00-04:00,221.31,221.31,221.31,221.31,221.31,1385
2025-07-08T16:20:00-04:00,221.3,221.31,221.3,221.31,221.31,452
2025-07-08T16:22:00-04:00,221.304,221.31,221.304,221.31,221.31,1220
2025-07-08T16:24:00-04:00,221.31,221.32,221.31,221.32,221.32,2465
2025-07-08T16:25:00-04:00,221.33,221.3499,221.33,221.33,221.33,3282
2025-07-08T16:26:00-04:00,221.35,221.35,221.34,221.34,221.34,667
2025-07-08T16:27:00-04:00,221.3402,221.351,221.3402,221.351,221.351,807
2025-07-08T16:28:00-04:00,221.37,221.37,221.37,221.37,221.37,7152
2025-07-08T16:30:00-04:00,221.37,221.37,221.35,221.35,221.35,2094
2025-07-08T16:31:00-04:00,221.34,221.36,221.34,221.35,221.35,1050
2025-07-08T16:32:00-04:00,221.34,221.34,221.34,221.34,221.34,386
2025-07-08T16:33:00-04:00,221.36,221.36,221.36,221.36,221.36,167
2025-07-08T16:34:00-04:00,221.32,221.32,221.32,221.32,221.32,670
2025-07-08T16:36:00-04:00,221.31,221.31,221.31,221.31,221.31,378
2025-07-08T16:37:00-04:00,221.31,221.31,221.31,221.31,221.31,1035
2025-07-08T16:38:00-04:00,221.3,221.31,221.3,221.3,221.3,1511
2025-07-08T16:39:00-04:00,221.31,221.31,221.31,221.31,221.31,360
2025-07-08T16:40:00-04:00,221.31,221.31,221.31,221.31,221.31,244
2025-07-08T16:43:00-04:00,221.37,221.38,221.37,221.37,221.37,5445
2025-07-08T16:44:00-04:00,221.37,221.37,221.37,221.37,221.37,1301
2025-07-08T16:46:00-04:00,221.36,221.36,221.35,221.35,221.35,391
2025-07-08T16:47:00-04:00,221.36,221.36,221.36,221.36,221.36,343
2025-07-08T16:48:00-04:00,221.34,221.34,221.34,221.34,221.34,214
2025-07-08T16:49:00-04:00,221.33,221.36,221.33,221.36,221.36,949
2025-07-08T16:50:00-04:00,221.37,221.37,221.37,221.37,221.37,229
2025-07-08T16:56:00-04:00,221.37,221.38,221.37,221.38,221.38,348
2025-07-08T16:57:00-04:00,221.36,221.38,221.36,221.37,221.37,1056
2025-07-08T16:58:00-04:00,221.34,221.35,221.34,221.35,221.35,376
2025-07-08T17:02:00-04:00,221.27,221.27,221.27,221.27,221.27,183
2025-07-08T17:04:00-04:00,221.27,221.27,221.27,221.27,221.27,1000
2025-07-08T17:06:00-04:00,221.29,221.3,221.24,221.25,221.25,3092
2025-07-08T17:07:00-04:00,221.34,221.34,221.34,221.34,221.34,204
2025-07-08T17:09:00-04:00,221.34,221.34,221.34,221.34,221.34,167
2025-07-08T17:10:00-04:00,221.36,221.36,221.36,221.36,221.36,218
2025-07-08T17:16:00-04:00,221.37,221.37,221.37,221.37,221.37,185
2025-07-08T17:17:00-04:00,221.37,221.37,221.37,221.37,221.37,206
2025-07-08T17:18:00-04:00,221.35,221.35,221.35,221.35,221.35,181
2025-07-08T17:20:00-04:00,221.34,221.34,221.34,221.34,221.34,287
2025-07-08T17:25:00-04:00,221.26,221.34,221.26,221.34,221.34,417
2025-07-08T17:35:00-04:00,221.26,221.26,221.26,221.26,221.26,142
2025-07-08T17:36:00-04:00,221.34,221.43,221.34,221.42,221.42,3533
2025-07-08T17:38:00-04:00,221.26,221.26,221.25,221.25,221.25,3000
2025-07-08T17:41:00-04:00,221.27,221.27,221.27,221.27,221.27,213
2025-07-08T17:45:00-04:00,221.29,221.29,221.29,221.29,221.29,244
2025-07-08T17:54:00-04:00,221.37,221.37,221.37,221.37,221.37,113
2025-07-08T17:59:00-04:00,221.38,221.42,221.38,221.42,221.42,1131
2025-07-08T18:00:00-04:00,221.33,221.34,221.33,221.34,221.34,1598
2025-07-08T18:06:00-04:00,221.53,221.53,221.52,221.52,221.52,1443
2025-07-08T18:08:00-04:00,221.47,221.47,221.47,221.47,221.47,147
2025-07-08T18:10:00-04:00,221.41,221.41,221.41,221.41,221.41,399
2025-07-08T18:11:00-04:00,221.45,221.45,221.45,221.45,221.45,154
2025-07-08T18:13:00-04:00,221.3,221.3,221.3,221.3,221.3,171
2025-07-08T18:17:00-04:00,221.37,221.37,221.37,221.37,221.37,183
2025-07-08T18:21:00-04:00,221.35,221.36,221.35,221.36,221.36,317
2025-07-08T18:25:00-04:00,221.32,221.32,221.32,221.32,221.32,189
2025-07-08T18:28:00-04:00,221.36,221.37,221.36,221.37,221.37,2895
2025-07-08T18:32:00-04:00,221.24,221.24,221.24,221.24,221.24,174
2025-07-08T18:33:00-04:00,221.26,221.29,221.26,221.29,221.29,2258
2025-07-08T18:35:00-04:00,221.29,221.29,221.29,221.29,221.29,131
2025-07-08T18:36:00-04:00,221.25,221.25,221.25,221.25,221.25,211
2025-07-08T18:37:00-04:00,221.29,221.29,221.29,221.29,221.29,129
2025-07-08T18:40:00-04:00,221.2507,221.2507,221.2507,221.2507,221.2507,586
2025-07-08T18:46:00-04:00,221.3,221.3,221.3,221.3,221.3,170
2025-07-08T18:47:00-04:00,221.25,221.27,221.25,221.27,221.27,1440
2025-07-08T18:49:00-04:00,221.3,221.31,221.3,221.3,221.3,1000
2025-07-08T18:51:00-04:00,221.35,221.35,221.34,221.34,221.34,279
2025-07-08T18:55:00-04:00,221.34,221.34,221.34,221.34,221.34,164
2025-07-08T19:05:00-04:00,221.32,221.32,221.32,221.32,221.32,130
2025-07-08T19:07:00-04:00,221.43,221.43,221.43,221.43,221.43,146
2025-07-08T19:10:00-04:00,221.44,221.44,221.44,221.44,221.44,242
2025-07-08T19:11:00-04:00,221.42,221.42,221.42,221.42,221.42,141
2025-07-08T19:12:00-04:00,221.42,221.42,221.42,221.42,221.42,147
2025-07-08T19:13:00-04:00,221.36,221.36,221.36,221.36,221.36,317
2025-07-08T19:17:00-04:00,221.41,221.41,221.41,221.41,221.41,159
2025-07-08T19:20:00-04:00,221.39,221.4,221.37,221.37,221.37,10281
2025-07-08T19:22:00-04:00,221.2,221.2,221.15,221.15,221.15,4831
2025-07-08T19:23:00-04:00,221.11,221.11,221.0806,221.0806,221.0806,700
2025-07-08T19:24:00-04:00,221.13,221.15,221.13,221.15,221.15,2101
2025-07-08T19:25:00-04:00,221.16,221.2,221.13,221.2,221.2,3126
2025-07-08T19:26:00-04:00,221.2,221.21,221.12,221.18,221.18,2932
2025-07-08T19:27:00-04:00,221.2,221.21,221.13,221.13,221.13,7037
2025-07-08T19:28:00-04:00,221.13,221.14,221.12,221.14,221.14,8994
2025-07-08T19:29:00-04:00,221.096,221.096,221.096,221.096,221.096,118
2025-07-08T19:30:00-04:00,221.081,221.081,221.02,221.07,221.07,9229
2025-07-08T19:31:00-04:00,221.08,221.08,221.04,221.06,221.06,8556
2025-07-08T19:32:00-04:00,221.01,221.13,221,221.06,221.06,4872
2025-07-08T19:33:00-04:00,221.02,221.05,221.01,221.03,221.03,5601
2025-07-08T19:34:00-04:00,221.03,221.03,221.01,221.03,221.03,3533
2025-07-08T19:35:00-04:00,221.01,221.01,220.98,220.98,220.98,912
2025-07-08T19:36:00-04:00,221,221.03,221,221.03,221.03,1163
2025-07-08T19:37:00-04:00,221.02,221.02,221.02,221.02,221.02,1001
2025-07-08T19:38:00-04:00,221.03,221.03,221,221,221,1483
2025-07-08T19:39:00-04:00,221,221,221,221,221,2609
2025-07-08T19:41:00-04:00,220.98,221.01,220.98,221,221,5145
2025-07-08T19:42:00-04:00,221.02,221.03,221,221,221,12029
2025-07-08T19:44:00-04:00,221,221,221,221,221,11100
2025-07-08T19:45:00-04:00,221,221,221,221,221,1090
2025-07-08T19:46:00-04:00,221,221.01,221,221,221,6758
2025-07-08T19:47:00-04:00,220.99,220.99,220.9,220.9,220.9,20397
2025-07-08T19:48:00-04:00,220.91,220.91,220.9,220.9,220.9,4353
2025-07-08T19:49:00-04:00,220.9,220.9,220.89,220.89,220.89,1300
2025-07-08T19:50:00-04:00,220.9,220.9,220.9,220.9,220.9,655
2025-07-08T19:51:00-04:00,220.9,220.9,220.89,220.89,220.89,10573
2025-07-08T19:52:00-04:00,220.88,220.88,220.85,220.85,220.85,3321
2025-07-08T19:53:00-04:00,220.85,220.85,220.85,220.85,220.85,5862
2025-07-08T19:54:00-04:00,220.85,220.85,220.85,220.85,220.85,1300
2025-07-08T19:55:00-04:00,220.85,220.85,220.8,220.81,220.81,5397
2025-07-08T19:56:00-04:00,220.81,220.81,220.79,220.8,220.8,2060
2025-07-08T19:57:00-04:00,220.81,220.81,220.75,220.75,220.75,6377
2025-07-08T19:58:00-04:00,220.75,220.75,220.7,220.7,220.7,20882
2025-07-08T19:59:00-04:00,220.7,220.7,220.5399,220.69,220.69,29203
