Datetime,Open,High,Low,Close,Adj Close,Volume
2026-08-03T04:00:00-04:00,37.8,38.42,37.71,37.71,37.71,5157.282407
2026-08-03T04:01:00-04:00,37.8,37.8,37.58,37.58,37.58,5661
2026-08-03T04:02:00-04:00,37.6,37.6,37.47,37.47,37.47,5259.4
2026-08-03T04:03:00-04:00,37.6253,37.6253,37.46,37.46,37.46,1577
2026-08-03T04:04:00-04:00,37.44,37.45,37.39,37.42,37.42,5680
2026-08-03T04:05:00-04:00,37.36,37.52,37.36,37.52,37.52,1216
2026-08-03T04:06:00-04:00,37.5,37.5,37.47,37.5,37.5,2372
2026-08-03T04:07:00-04:00,37.53,37.53,37.53,37.53,37.53,353
2026-08-03T04:08:00-04:00,37.41,37.42,37.3,37.34,37.34,3002.065762
2026-08-03T04:09:00-04:00,37.39,37.46,37.39,37.45,37.45,2806
2026-08-03T04:10:00-04:00,37.44,37.44,37.4,37.4,37.4,3416
2026-08-03T04:11:00-04:00,37.41,37.55,37.41,37.55,37.55,460.672015
2026-08-03T04:13:00-04:00,37.55,37.55,37.55,37.55,37.55,383.538127
2026-08-03T04:14:00-04:00,37.49,37.49,37.44,37.44,37.44,1372.819268
2026-08-03T04:15:00-04:00,37.49,37.52,37.49,37.52,37.52,758.687835
2026-08-03T04:16:00-04:00,37.5,37.5,37.42,37.42,37.42,1542.518429
2026-08-03T04:17:00-04:00,37.47,37.47,37.42,37.42,37.42,1385
2026-08-03T04:18:00-04:00,37.33,37.33,37.26,37.28,37.28,2755.991253
2026-08-03T04:19:00-04:00,37.25,37.25,37.2,37.2,37.2,3132.435301
2026-08-03T04:20:00-04:00,37.16,37.18,37.16,37.17,37.17,731.748976
2026-08-03T04:21:00-04:00,37.17,37.2459,37.04,37.04,37.04,4875.677029
2026-08-03T04:22:00-04:00,37.1,37.1,37.08,37.08,37.08,768
2026-08-03T04:23:00-04:00,37.14,37.15,37.01,37.01,37.01,3912
2026-08-03T04:24:00-04:00,37.04,37.05,37.01,37.04,37.04,2507
2026-08-03T04:25:00-04:00,37.05,37.05,37.01,37.01,37.01,1233
2026-08-03T04:26:00-04:00,37.01,37.14,37,37,37,6160.754687
2026-08-03T04:27:00-04:00,36.94,37,36.9,37,37,6271.334594
2026-08-03T04:28:00-04:00,37.06,37.22,37.05,37.14,37.14,1742
2026-08-03T04:29:00-04:00,37.1,37.1,37.04,37.05,37.05,2250
2026-08-03T04:30:00-04:00,37.05,37.09,37.0058,37.0058,37.0058,2965
2026-08-03T04:31:00-04:00,37.09,37.13,37.09,37.13,37.13,979
2026-08-03T04:32:00-04:00,37.0727,37.0727,37.0727,37.0727,37.0727,533
2026-08-03T04:33:00-04:00,37.04,37.1223,36.93,36.93,36.93,3195
2026-08-03T04:34:00-04:00,36.94,37,36.93,37,37,3290
2026-08-03T04:35:00-04:00,37,37.13,37,37.13,37.13,1576
2026-08-03T04:36:00-04:00,37.01,37.12,36.98,37.12,37.12,2973.134123
2026-08-03T04:37:00-04:00,37.18,37.23,37.16,37.16,37.16,1554.221121
2026-08-03T04:38:00-04:00,37.19,37.3,37.19,37.3,37.3,1936.557945
2026-08-03T04:39:00-04:00,37.16,37.2,37.16,37.1705,37.1705,1173.159677
2026-08-03T04:41:00-04:00,37.2,37.22,37.2,37.22,37.22,1138
2026-08-03T04:42:00-04:00,37.25,37.38,37.24,37.3,37.3,2953
2026-08-03T04:43:00-04:00,37.2888,37.2969,37.2888,37.2969,37.2969,2978
2026-08-03T04:44:00-04:00,37.25,37.29,37.25,37.28,37.28,723.765369
2026-08-03T04:45:00-04:00,37.27,37.27,37.27,37.27,37.27,334
2026-08-03T04:46:00-04:00,37.27,37.27,37.27,37.27,37.27,228
2026-08-03T04:47:00-04:00,37.28,37.32,37.23,37.23,37.23,998
2026-08-03T04:48:00-04:00,37.27,37.29,37.27,37.29,37.29,774
2026-08-03T04:50:00-04:00,37.31,37.33,37.31,37.33,37.33,531
2026-08-03T04:51:00-04:00,37.33,37.33,37.33,37.33,37.33,456
2026-08-03T04:54:00-04:00,37.39,37.39,37.38,37.38,37.38,520
2026-08-03T04:55:00-04:00,37.39,37.4748,37.37,37.37,37.37,681
2026-08-03T04:56:00-04:00,37.42,37.42,37.42,37.42,37.42,738
2026-08-03T04:57:00-04:00,37.44,37.44,37.3612,37.3612,37.3612,1468
2026-08-03T04:58:00-04:00,37.38,37.38,37.38,37.38,37.38,406
2026-08-03T04:59:00-04:00,37.39,37.39,37.39,37.39,37.39,563
2026-08-03T05:00:00-04:00,37.41,37.5,37.41,37.49,37.49,1711
2026-08-03T05:01:00-04:00,37.4,37.43,37.38,37.43,37.43,2120
2026-08-03T05:02:00-04:00,37.37,37.37,37.36,37.36,37.36,466
2026-08-03T05:03:00-04:00,37.35,37.4,37.35,37.4,37.4,952.028372
2026-08-03T05:04:00-04:00,37.4,37.4,37.4,37.4,37.4,2192
2026-08-03T05:05:00-04:00,37.4,37.4,37.4,37.4,37.4,1865.174603
2026-08-03T05:07:00-04:00,37.37,37.37,37.36,37.37,37.37,2705.48102
2026-08-03T05:09:00-04:00,37.34,37.39,37.32,37.32,37.32,1462
2026-08-03T05:10:00-04:00,37.32,37.32,37.32,37.32,37.32,630.369041
2026-08-03T05:11:00-04:00,37.3,37.3,37.19,37.19,37.19,1813.079878
2026-08-03T05:12:00-04:00,37.19,37.27,37.19,37.27,37.27,2319
2026-08-03T05:13:00-04:00,37.2024,37.2024,37.2024,37.2024,37.2024,642
2026-08-03T05:14:00-04:00,37.35,37.35,37.35,37.35,37.35,1112
2026-08-03T05:15:00-04:00,37.33,37.33,37.33,37.33,37.33,2655.994451
2026-08-03T05:16:00-04:00,37.33,37.33,37.3,37.3,37.3,1251
2026-08-03T05:17:00-04:00,37.29,37.3692,37.29,37.3,37.3,1103
2026-08-03T05:21:00-04:00,37.26,37.26,37.26,37.26,37.26,566
2026-08-03T05:22:00-04:00,37.33,37.38,37.3,37.31,37.31,4010
2026-08-03T05:24:00-04:00,37.36,37.38,37.36,37.38,37.38,1208
2026-08-03T05:25:00-04:00,37.29,37.29,37.29,37.29,37.29,154
2026-08-03T05:26:00-04:00,37.26,37.26,37.26,37.26,37.26,629
2026-08-03T05:27:00-04:00,37.29,37.29,37.26,37.26,37.26,1059
2026-08-03T05:28:00-04:00,37.27,37.34,37.27,37.34,37.34,401.69646
2026-08-03T05:31:00-04:00,37.35,37.35,37.32,37.33,37.33,840
2026-08-03T05:32:00-04:00,37.26,37.26,37.26,37.26,37.26,380
2026-08-03T05:34:00-04:00,37.27,37.27,37.27,37.27,37.27,1319
2026-08-03T05:36:00-04:00,37.29,37.3,37.26,37.26,37.26,814.544188
2026-08-03T05:37:00-04:00,37.21,37.21,37.18,37.18,37.18,846
2026-08-03T05:38:00-04:00,37.15,37.18,37.15,37.18,37.18,458.138537
2026-08-03T05:40:00-04:00,37.18,37.18,37.18,37.18,37.18,146.381387
2026-08-03T05:41:00-04:00,37.2,37.2,37.19,37.19,37.19,2023
2026-08-03T05:42:00-04:00,37.19,37.19,37.19,37.19,37.19,267
2026-08-03T05:43:00-04:00,37.1708,37.1708,37.1708,37.1708,37.1708,257
2026-08-03T05:45:00-04:00,37.15,37.15,37.11,37.11,37.11,2142
2026-08-03T05:47:00-04:00,37.11,37.18,37.11,37.18,37.18,628
2026-08-03T05:49:00-04:00,37.1976,37.1976,37.145,37.18,37.18,1986
2026-08-03T05:50:00-04:00,37.11,37.11,37.11,37.11,37.11,251
2026-08-03T05:51:00-04:00,37.1,37.16,37.01,37.07,37.07,2521
2026-08-03T05:52:00-04:00,37.01,37.12,37.01,37.12,37.12,3284
2026-08-03T05:53:00-04:00,37.12,37.15,37.08,37.08,37.08,5285
2026-08-03T05:54:00-04:00,37.09,37.15,37.09,37.15,37.15,1082
2026-08-03T05:59:00-04:00,37.23,37.23,37.23,37.23,37.23,1100
2026-08-03T06:02:00-04:00,37.1806,37.1806,37.1,37.1,37.1,808
2026-08-03T06:04:00-04:00,37.08,37.08,37.02,37.02,37.02,635
2026-08-03T06:07:00-04:00,37.0201,37.14,37.0201,37.14,37.14,1425
2026-08-03T06:08:00-04:00,37.13,37.13,37.13,37.13,37.13,302
2026-08-03T06:09:00-04:00,37.02,37.02,37.02,37.02,37.02,158.829212
2026-08-03T06:10:00-04:00,37.01,37.02,36.9,36.97,36.97,5382.145675
2026-08-03T06:11:00-04:00,36.9636,37.04,36.91,36.97,36.97,2224
2026-08-03T06:12:00-04:00,36.95,36.95,36.88,36.88,36.88,4487.056019
2026-08-03T06:13:00-04:00,36.86,36.86,36.82,36.82,36.82,4697.2
2026-08-03T06:14:00-04:00,36.82,36.82,36.7673,36.79,36.79,3554.54959
2026-08-03T06:15:00-04:00,36.76,36.8,36.75,36.75,36.75,6540
2026-08-03T06:16:00-04:00,36.76,36.82,36.73,36.73,36.73,1020
2026-08-03T06:17:00-04:00,36.815,36.89,36.815,36.8881,36.8881,2616.159677
2026-08-03T06:18:00-04:00,36.73,36.76,36.73,36.76,36.76,1086
2026-08-03T06:19:00-04:00,36.76,36.76,36.76,36.76,36.76,873
2026-08-03T06:20:00-04:00,36.76,36.79,36.65,36.65,36.65,3035
2026-08-03T06:21:00-04:00,36.66,36.71,36.64,36.68,36.68,5791
2026-08-03T06:22:00-04:00,36.68,36.71,36.58,36.6,36.6,7666.843984
2026-08-03T06:23:00-04:00,36.58,36.61,36.58,36.6,36.6,1198
2026-08-03T06:24:00-04:00,36.58,36.62,36.5293,36.5293,36.5293,5784
2026-08-03T06:25:00-04:00,36.5,36.59,36.5,36.55,36.55,7216.829473
2026-08-03T06:26:00-04:00,36.57,36.62,36.52,36.52,36.52,1206
2026-08-03T06:27:00-04:00,36.5306,36.6,36.5306,36.6,36.6,1230
2026-08-03T06:28:00-04:00,36.62,36.62,36.62,36.62,36.62,428
2026-08-03T06:29:00-04:00,36.69,36.69,36.66,36.6759,36.6759,3731
2026-08-03T06:30:00-04:00,36.695,36.72,36.695,36.7,36.7,2526
2026-08-03T06:31:00-04:00,36.69,36.69,36.6,36.6,36.6,644
2026-08-03T06:33:00-04:00,36.67,36.73,36.65,36.65,36.65,4766
2026-08-03T06:34:00-04:00,36.79,36.8,36.79,36.8,36.8,609
2026-08-03T06:35:00-04:00,36.8,36.8,36.8,36.8,36.8,562
2026-08-03T06:39:00-04:00,36.82,36.82,36.82,36.82,36.82,481.87525
2026-08-03T06:40:00-04:00,36.81,36.81,36.81,36.81,36.81,740
2026-08-03T06:43:00-04:00,36.85,36.85,36.85,36.85,36.85,1700
2026-08-03T06:44:00-04:00,36.85,36.85,36.85,36.85,36.85,776.443147
2026-08-03T06:45:00-04:00,36.86,36.86,36.86,36.86,36.86,643.080705
2026-08-03T06:46:00-04:00,36.85,36.85,36.85,36.85,36.85,1250
2026-08-03T06:47:00-04:00,36.88,36.9,36.88,36.89,36.89,5384.05369
2026-08-03T06:49:00-04:00,36.86,36.86,36.82,36.82,36.82,1183.074552
2026-08-03T06:51:00-04:00,36.83,36.83,36.83,36.83,36.83,521
2026-08-03T06:52:00-04:00,36.81,36.81,36.76,36.76,36.76,1764
2026-08-03T06:54:00-04:00,36.84,36.84,36.84,36.84,36.84,569
2026-08-03T06:55:00-04:00,36.7592,36.81,36.7592,36.8,36.8,463
2026-08-03T06:56:00-04:00,36.8,36.86,36.8,36.86,36.86,3921
2026-08-03T06:57:00-04:00,36.89,36.9,36.89,36.9,36.9,2010
2026-08-03T06:58:00-04:00,36.9,36.9,36.8977,36.8977,36.8977,574
2026-08-03T06:59:00-04:00,36.9,36.9,36.86,36.9,36.9,1965
2026-08-03T07:00:00-04:00,36.87,36.9225,36.74,36.74,36.74,14006.721088
2026-08-03T07:01:00-04:00,36.7731,36.7731,36.6236,36.6236,36.6236,8612.497004
2026-08-03T07:02:00-04:00,36.65,36.65,36.6212,36.65,36.65,1734
2026-08-03T07:03:00-04:00,36.6203,36.69,36.6,36.64,36.64,4667
2026-08-03T07:04:00-04:00,36.6959,36.6959,36.65,36.65,36.65,1249
2026-08-03T07:05:00-04:00,36.68,36.7,36.68,36.7,36.7,1979
2026-08-03T07:06:00-04:00,36.74,36.74,36.5,36.51,36.51,24013.057151
2026-08-03T07:07:00-04:00,36.5,36.5,36.46,36.48,36.48,2132
2026-08-03T07:08:00-04:00,36.5,36.55,36.4572,36.4572,36.4572,2989.58177
2026-08-03T07:09:00-04:00,36.47,36.5224,36.44,36.5,36.5,12586.06604
2026-08-03T07:10:00-04:00,36.45,36.5386,36.45,36.5,36.5,4815
2026-08-03T07:11:00-04:00,36.5372,36.5372,36.45,36.48,36.48,5116
2026-08-03T07:12:00-04:00,36.5263,36.5263,36.5263,36.5263,36.5263,321
2026-08-03T07:13:00-04:00,36.5,36.59,36.5,36.59,36.59,3666.443147
2026-08-03T07:14:00-04:00,36.6,36.6,36.53,36.53,36.53,735
2026-08-03T07:16:00-04:00,36.7,36.7,36.7,36.7,36.7,1375
2026-08-03T07:17:00-04:00,36.69,36.69,36.67,36.67,36.67,2991
2026-08-03T07:18:00-04:00,36.7366,36.7366,36.63,36.69,36.69,2287
2026-08-03T07:20:00-04:00,36.65,36.67,36.58,36.58,36.58,2373.035668
2026-08-03T07:21:00-04:00,36.68,36.68,36.52,36.56,36.56,6591
2026-08-03T07:22:00-04:00,36.67,36.68,36.67,36.68,36.68,2883
2026-08-03T07:23:00-04:00,36.72,36.72,36.6786,36.68,36.68,1609
2026-08-03T07:24:00-04:00,36.66,36.71,36.6,36.65,36.65,2897.569053
2026-08-03T07:26:00-04:00,36.64,36.64,36.64,36.64,36.64,545
2026-08-03T07:27:00-04:00,36.65,36.65,36.6,36.6,36.6,1855
2026-08-03T07:28:00-04:00,36.56,36.56,36.56,36.56,36.56,1107
2026-08-03T07:29:00-04:00,36.6521,36.6521,36.6173,36.6173,36.6173,651
2026-08-03T07:30:00-04:00,36.48,36.6,36.48,36.6,36.6,1404
2026-08-03T07:31:00-04:00,36.55,36.55,36.49,36.52,36.52,8845
2026-08-03T07:32:00-04:00,36.5,36.56,36.4727,36.56,36.56,3379
2026-08-03T07:33:00-04:00,36.56,36.56,36.56,36.56,36.56,272
2026-08-03T07:34:00-04:00,36.57,36.62,36.5319,36.62,36.62,1180
2026-08-03T07:35:00-04:00,36.6386,36.6386,36.6386,36.6386,36.6386,163.267151
2026-08-03T07:36:00-04:00,36.63,36.63,36.63,36.63,36.63,341
2026-08-03T07:37:00-04:00,36.5,36.63,36.5,36.63,36.63,1268
2026-08-03T07:38:00-04:00,36.5,36.52,36.3248,36.44,36.44,9211
2026-08-03T07:39:00-04:00,36.4155,36.4155,36.41,36.41,36.41,10805
2026-08-03T07:40:00-04:00,36.4331,36.4331,36.4,36.4,36.4,5589
2026-08-03T07:41:00-04:00,36.39,36.39,36.3812,36.3812,36.3812,1526
2026-08-03T07:42:00-04:00,36.38,36.38,36.38,36.38,36.38,643
2026-08-03T07:43:00-04:00,36.43,36.49,36.4232,36.49,36.49,3937
2026-08-03T07:44:00-04:00,36.48,36.48,36.4,36.4,36.4,2069
2026-08-03T07:45:00-04:00,36.41,36.4203,36.41,36.4203,36.4203,649
2026-08-03T07:46:00-04:00,36.49,36.49,36.49,36.49,36.49,967
2026-08-03T07:47:00-04:00,36.49,36.5,36.47,36.5,36.5,836
2026-08-03T07:48:00-04:00,36.41,36.43,36.38,36.38,36.38,16145
2026-08-03T07:49:00-04:00,36.35,36.43,36.33,36.43,36.43,10800
2026-08-03T07:50:00-04:00,36.41,36.41,36.3,36.3,36.3,2332.75
2026-08-03T07:51:00-04:00,36.3791,36.3791,36.25,36.25,36.25,4864
2026-08-03T07:52:00-04:00,36.2271,36.29,36.2271,36.24,36.24,3701.956731
2026-08-03T07:53:00-04:00,36.27,36.29,36.22,36.25,36.25,3462
2026-08-03T07:54:00-04:00,36.25,36.25,36.22,36.24,36.24,1956.612689
2026-08-03T07:55:00-04:00,36.22,36.25,36.2,36.21,36.21,7579.18232
2026-08-03T07:56:00-04:00,36.1742,36.2,36.15,36.17,36.17,2813.5625
2026-08-03T07:57:00-04:00,36.16,36.22,36.15,36.22,36.22,1270
2026-08-03T07:58:00-04:00,36.18,36.21,36.1634,36.21,36.21,1981
2026-08-03T07:59:00-04:00,36.2,36.22,36.159,36.1651,36.1651,2797
2026-08-03T08:00:00-04:00,36.166,36.21,36.15,36.21,36.21,4154.058305
2026-08-03T08:01:00-04:00,36.22,36.2528,36.1395,36.1395,36.1395,11199
2026-08-03T08:02:00-04:00,36.15,36.25,36.15,36.25,36.25,2091
2026-08-03T08:03:00-04:00,36.17,36.18,36.15,36.15,36.15,4615.1067
2026-08-03T08:04:00-04:00,36.15,36.19,36.11,36.19,36.19,3400
2026-08-03T08:05:00-04:00,36.19,36.19,36.13,36.16,36.16,11747
2026-08-03T08:06:00-04:00,36.13,36.13,35.97,35.97,35.97,23443.592324
2026-08-03T08:07:00-04:00,35.99,36.107,35.96,36.0085,36.0085,5668.998146
2026-08-03T08:08:00-04:00,36.08,36.19,36.08,36.17,36.17,5050.14626
2026-08-03T08:09:00-04:00,36.19,36.2694,36.1767,36.21,36.21,2651
2026-08-03T08:10:00-04:00,36.21,36.25,36.21,36.25,36.25,1130
2026-08-03T08:11:00-04:00,36.28,36.29,36.1703,36.1703,36.1703,6699.362361
2026-08-03T08:12:00-04:00,36.2,36.27,36.178,36.2,36.2,1343
2026-08-03T08:13:00-04:00,36.167,36.29,36.167,36.29,36.29,3313
2026-08-03T08:14:00-04:00,36.26,36.26,36.21,36.21,36.21,1491
2026-08-03T08:15:00-04:00,36.3133,36.33,36.21,36.33,36.33,1959
2026-08-03T08:16:00-04:00,36.35,36.35,36.33,36.3362,36.3362,2254
2026-08-03T08:17:00-04:00,36.33,36.33,36.25,36.25,36.25,707.14626
2026-08-03T08:18:00-04:00,36.33,36.35,36.32,36.335,36.335,4405
2026-08-03T08:19:00-04:00,36.33,36.35,36.3,36.35,36.35,1713
2026-08-03T08:21:00-04:00,36.3592,36.41,36.3592,36.3627,36.3627,650
2026-08-03T08:22:00-04:00,36.4553,36.47,36.3323,36.3323,36.3323,1485.027537
2026-08-03T08:23:00-04:00,36.3235,36.35,36.3235,36.35,36.35,384
2026-08-03T08:24:00-04:00,36.36,36.4516,36.36,36.4516,36.4516,5686.054195
2026-08-03T08:25:00-04:00,36.4711,36.48,36.3811,36.41,36.41,2343
2026-08-03T08:26:00-04:00,36.45,36.45,36.37,36.42,36.42,12237
2026-08-03T08:27:00-04:00,36.45,36.45,36.3711,36.44,36.44,5912.1
2026-08-03T08:28:00-04:00,36.45,36.51,36.45,36.5,36.5,3145
2026-08-03T08:29:00-04:00,36.47,36.51,36.47,36.5,36.5,9251
2026-08-03T08:30:00-04:00,36.5,36.5,36.39,36.39,36.39,2229
2026-08-03T08:31:00-04:00,36.3752,36.4794,36.3752,36.39,36.39,911
2026-08-03T08:32:00-04:00,36.395,36.48,36.39,36.39,36.39,9334
2026-08-03T08:33:00-04:00,36.43,36.44,36.4024,36.4024,36.4024,1516
2026-08-03T08:34:00-04:00,36.41,36.44,36.41,36.44,36.44,1022
2026-08-03T08:36:00-04:00,36.41,36.48,36.41,36.44,36.44,6856
2026-08-03T08:37:00-04:00,36.44,36.49,36.44,36.44,36.44,3687.48998
2026-08-03T08:38:00-04:00,36.47,36.4929,36.44,36.44,36.44,1119
2026-08-03T08:39:00-04:00,36.46,36.4947,36.399,36.399,36.399,10836
2026-08-03T08:40:00-04:00,36.47,36.47,36.41,36.41,36.41,1149.941487
2026-08-03T08:41:00-04:00,36.42,36.47,36.4007,36.47,36.47,4015
2026-08-03T08:42:00-04:00,36.46,36.46,36.4095,36.4586,36.4586,3704
2026-08-03T08:43:00-04:00,36.47,36.49,36.4214,36.49,36.49,1995
2026-08-03T08:44:00-04:00,36.49,36.5,36.475,36.5,36.5,2538
2026-08-03T08:45:00-04:00,36.4917,36.55,36.4917,36.543,36.543,5824
2026-08-03T08:46:00-04:00,36.51,36.51,36.46,36.48,36.48,11839.637691
2026-08-03T08:47:00-04:00,36.46,36.59,36.46,36.59,36.59,18528.058305
2026-08-03T08:48:00-04:00,36.57,36.59,36.5,36.5,36.5,11620.86089
2026-08-03T08:49:00-04:00,36.46,36.46,36.4,36.4,36.4,5445.649502
2026-08-03T08:50:00-04:00,36.49,36.49,36.4374,36.4374,36.4374,1727
2026-08-03T08:51:00-04:00,36.45,36.4987,36.45,36.451,36.451,737
2026-08-03T08:52:00-04:00,36.4514,36.51,36.45,36.48,36.48,7784
2026-08-03T08:53:00-04:00,36.5,36.51,36.45,36.45,36.45,6746
2026-08-03T08:54:00-04:00,36.51,36.55,36.5,36.55,36.55,1959
2026-08-03T08:55:00-04:00,36.55,36.55,36.53,36.55,36.55,1944
2026-08-03T08:56:00-04:00,36.56,36.59,36.55,36.59,36.59,3127
2026-08-03T08:57:00-04:00,36.59,36.59,36.5,36.5,36.5,1281
2026-08-03T08:58:00-04:00,36.48,36.48,36.45,36.48,36.48,7150
2026-08-03T08:59:00-04:00,36.4523,36.5,36.4523,36.5,36.5,3343
2026-08-03T09:00:00-04:00,36.5126,36.5126,36.45,36.45,36.45,4658
2026-08-03T09:01:00-04:00,36.5,36.51,36.4366,36.4366,36.4366,1801
2026-08-03T09:02:00-04:00,36.45,36.45,36.435,36.45,36.45,1264
2026-08-03T09:03:00-04:00,36.41,36.46,36.41,36.44,36.44,1383
2026-08-03T09:04:00-04:00,36.42,36.42,36.41,36.41,36.41,1981
2026-08-03T09:05:00-04:00,36.412,36.4592,36.38,36.4592,36.4592,10171
2026-08-03T09:06:00-04:00,36.4005,36.4005,36.4005,36.4005,36.4005,674
2026-08-03T09:07:00-04:00,36.41,36.44,36.38,36.44,36.44,907
2026-08-03T09:08:00-04:00,36.4,36.4,36.33,36.33,36.33,6757.28
2026-08-03T09:09:00-04:00,36.35,36.35,36.32,36.32,36.32,4713
2026-08-03T09:10:00-04:00,36.37,36.37,36.31,36.3376,36.3376,1948
2026-08-03T09:11:00-04:00,36.31,36.325,36.3,36.3211,36.3211,2136
2026-08-03T09:12:00-04:00,36.33,36.33,36.3,36.31,36.31,9177
2026-08-03T09:13:00-04:00,36.31,36.31,36.31,36.31,36.31,577
2026-08-03T09:14:00-04:00,36.28,36.28,36.26,36.26,36.26,2750
2026-08-03T09:15:00-04:00,36.31,36.35,36.291,36.32,36.32,3739
2026-08-03T09:16:00-04:00,36.31,36.3388,36.25,36.25,36.25,2430
2026-08-03T09:17:00-04:00,36.28,36.28,36.23,36.25,36.25,2769
2026-08-03T09:18:00-04:00,36.329,36.45,36.329,36.45,36.45,9190
2026-08-03T09:19:00-04:00,36.44,36.44,36.4,36.43,36.43,2942
2026-08-03T09:20:00-04:00,36.42,36.46,36.41,36.4435,36.4435,7219
2026-08-03T09:21:00-04:00,36.3755,36.46,36.24,36.33,36.33,11320.257816
2026-08-03T09:22:00-04:00,36.33,36.34,36.25,36.31,36.31,4448
2026-08-03T09:23:00-04:00,36.34,36.36,36.34,36.36,36.36,4427
2026-08-03T09:24:00-04:00,36.2561,36.351,36.245,36.28,36.28,4163
2026-08-03T09:25:00-04:00,36.25,36.68,36.24,36.66,36.66,20891
2026-08-03T09:26:00-04:00,36.66,36.7,36.61,36.67,36.67,16698
2026-08-03T09:27:00-04:00,36.65,36.69,36.51,36.65,36.65,15562
2026-08-03T09:28:00-04:00,36.52,36.65,36.38,36.38,36.38,13915
2026-08-03T09:29:00-04:00,36.382,36.56,36.375,36.51,36.51,19034
2026-08-03T09:30:00-04:00,36.52,36.61,35.48,35.5329,35.5329,791610.876613
2026-08-03T09:31:00-04:00,35.52,35.979,35.48,35.6,35.6,176811.479674
2026-08-03T09:32:00-04:00,35.62,35.76,35.46,35.68,35.68,211993.131441
2026-08-03T09:33:00-04:00,35.72,35.82,35.59,35.7,35.7,144698.028449
2026-08-03T09:34:00-04:00,35.71,36.24,35.7,36.035,36.035,201126.301362
2026-08-03T09:35:00-04:00,36.0499,36.45,35.99,36.42,36.42,222112.368209
2026-08-03T09:36:00-04:00,36.4,37.1166,36.3,37.11,37.11,227331.369297
2026-08-03T09:37:00-04:00,37.11,37.4891,37.11,37.14,37.14,274907.069282
2026-08-03T09:38:00-04:00,37.14,37.2477,36.82,37.1399,37.1399,183892.697907
2026-08-03T09:39:00-04:00,37.14,37.16,36.671,36.815,36.815,171123.521093
2026-08-03T09:40:00-04:00,36.77,36.9293,36.35,36.8653,36.8653,214952.516864
2026-08-03T09:41:00-04:00,36.85,37,36.73,36.8626,36.8626,173432.320805
2026-08-03T09:42:00-04:00,36.85,36.945,36.61,36.6998,36.6998,98092.628543
2026-08-03T09:43:00-04:00,36.65,36.865,36.57,36.805,36.805,153494.359274
2026-08-03T09:44:00-04:00,36.85,37.1499,36.79,37.1,37.1,159343.428838
2026-08-03T09:45:00-04:00,37.11,37.2929,37,37.08,37.08,201293.650602
2026-08-03T09:46:00-04:00,37.07,37.25,37,37.07,37.07,109319.537643
2026-08-03T09:47:00-04:00,37.07,37.65,37.07,37.3,37.3,418235.249395
2026-08-03T09:48:00-04:00,37.3,37.75,37.3,37.56,37.56,263526.38678
2026-08-03T09:49:00-04:00,37.535,37.65,37.4,37.46,37.46,269979.189485
2026-08-03T09:50:00-04:00,37.465,37.84,37.45,37.765,37.765,268933.379072
2026-08-03T09:51:00-04:00,37.7851,38.01,37.7291,37.86,37.86,259424.193086
2026-08-03T09:52:00-04:00,37.88,37.95,37.53,37.625,37.625,267865.91361
2026-08-03T09:53:00-04:00,37.63,38.02,37.56,37.96,37.96,223599.520543
2026-08-03T09:54:00-04:00,37.96,38.14,37.86,38.0801,38.0801,404189.616718
2026-08-03T09:55:00-04:00,38.12,38.53,38.09,38.5,38.5,333284.865684
2026-08-03T09:56:00-04:00,38.5,38.55,38.335,38.36,38.36,271515.678675
2026-08-03T09:57:00-04:00,38.3636,38.52,38.35,38.5128,38.5128,275303.481331
2026-08-03T09:58:00-04:00,38.49,38.82,38.465,38.76,38.76,562763.245305
2026-08-03T09:59:00-04:00,38.755,38.88,38.61,38.88,38.88,261041.062534
2026-08-03T10:00:00-04:00,38.85,39.045,38.74,38.895,38.895,256519.959966
2026-08-03T10:01:00-04:00,38.88,38.97,38.37,38.69,38.69,335526.269966
2026-08-03T10:02:00-04:00,38.68,38.725,38.37,38.62,38.62,192876.110687
2026-08-03T10:03:00-04:00,38.63,39.015,38.63,38.75,38.75,246043.925779
2026-08-03T10:04:00-04:00,38.72,38.76,38.31,38.355,38.355,245860.096194
2026-08-03T10:05:00-04:00,38.3699,38.7334,38.2701,38.72,38.72,166742.10081
2026-08-03T10:06:00-04:00,38.72,38.85,38.63,38.7299,38.7299,213263.626848
2026-08-03T10:07:00-04:00,38.71,38.755,38.38,38.39,38.39,130923.757763
2026-08-03T10:08:00-04:00,38.37,38.54,38.22,38.33,38.33,179683.314895
2026-08-03T10:09:00-04:00,38.33,38.47,38.21,38.38,38.38,123270.351805
2026-08-03T10:10:00-04:00,38.395,38.66,38.385,38.5001,38.5001,113154.288002
2026-08-03T10:11:00-04:00,38.51,38.775,38.51,38.72,38.72,101875.908639
2026-08-03T10:12:00-04:00,38.73,38.865,38.6705,38.745,38.745,118128.239677
2026-08-03T10:13:00-04:00,38.75,39.05,38.7127,38.87,38.87,208278.217173
2026-08-03T10:14:00-04:00,38.86,38.86,38.5,38.51,38.51,320466.623172
2026-08-03T10:15:00-04:00,38.5,38.65,38.4837,38.57,38.57,109931.225434
2026-08-03T10:16:00-04:00,38.58,38.96,38.55,38.8102,38.8102,100810.611055
2026-08-03T10:17:00-04:00,38.81,38.8834,38.7301,38.8,38.8,127403.207156
2026-08-03T10:18:00-04:00,38.8,39.05,38.8,39.0064,39.0064,147280.188383
2026-08-03T10:19:00-04:00,39,39.005,38.765,38.801,38.801,115504.706476
2026-08-03T10:20:00-04:00,38.79,38.96,38.68,38.72,38.72,101944.463253
2026-08-03T10:21:00-04:00,38.71,38.885,38.705,38.885,38.885,67325.953201
2026-08-03T10:22:00-04:00,38.89,39.01,38.8699,38.88,38.88,147605.605995
2026-08-03T10:23:00-04:00,38.88,39.01,38.85,38.96,38.96,107012.047001
2026-08-03T10:24:00-04:00,38.96,39.07,38.9,38.975,38.975,127006.76661
2026-08-03T10:25:00-04:00,38.98,39.1,38.97,38.99,38.99,120292.595838
2026-08-03T10:26:00-04:00,38.98,39.01,38.75,38.825,38.825,136598.913679
2026-08-03T10:27:00-04:00,38.805,38.8999,38.72,38.725,38.725,88831.649805
2026-08-03T10:28:00-04:00,38.72,38.9,38.68,38.76,38.76,93193.026511
2026-08-03T10:29:00-04:00,38.77,39.0197,38.77,39.015,39.015,95241.949647
2026-08-03T10:30:00-04:00,39.02,39.035,38.81,38.895,38.895,135010.36684
2026-08-03T10:31:00-04:00,38.89,39.115,38.865,39.035,39.035,167119.414151
2026-08-03T10:32:00-04:00,39.035,39.18,38.8601,38.89,38.89,215613.399196
2026-08-03T10:33:00-04:00,38.87,38.9,38.73,38.75,38.75,156211.67137
2026-08-03T10:34:00-04:00,38.75,38.76,38.56,38.64,38.64,205795.15272
2026-08-03T10:35:00-04:00,38.64,38.7299,38.59,38.649,38.649,71715.965234
2026-08-03T10:36:00-04:00,38.65,38.78,38.56,38.75,38.75,110901.735591
2026-08-03T10:37:00-04:00,38.75,38.95,38.73,38.8228,38.8228,179165.74829
2026-08-03T10:38:00-04:00,38.78,38.8726,38.6272,38.65,38.65,98477.920134
2026-08-03T10:39:00-04:00,38.65,38.82,38.65,38.78,38.78,127379.580628
2026-08-03T10:40:00-04:00,38.78,38.85,38.73,38.8,38.8,65518.215
2026-08-03T10:41:00-04:00,38.795,38.9199,38.76,38.86,38.86,89475.050199
2026-08-03T10:42:00-04:00,38.85,39.0801,38.84,39.01,39.01,132005.135826
2026-08-03T10:43:00-04:00,39.02,39.0792,38.8105,38.84,38.84,128740.861018
2026-08-03T10:44:00-04:00,38.8498,38.9,38.8,38.88,38.88,65919.330774
2026-08-03T10:45:00-04:00,38.89,38.8999,38.7858,38.8,38.8,60380.923731
2026-08-03T10:46:00-04:00,38.85,39.2,38.85,39.16,39.16,250757.48035
2026-08-03T10:47:00-04:00,39.1674,39.3294,39.07,39.25,39.25,147576.266245
